"player","avg_elo","n_wins_QGD","n_wins_QGA","n_losses_QGD","n_losses_QGA","n_ties_QGD","n_ties_QGA","n_QGD","n_QGA","elo_group","total_QG","experience_group"
"german11",1232,27,2,201,18,3,1,231,21,1,252,4
"uytrewq",1607,70,7,106,10,16,0,192,17,3,209,4
"JakubSmetana",1747,65,2,77,2,7,0,149,4,4,153,4
"knives",1724,69,1,53,1,12,0,134,2,4,136,4
"luis_alfredop",2148,68,1,58,0,9,0,135,1,4,136,4
"sasaue",1807,64,6,57,2,5,0,126,8,4,134,4
"knightfactor",2055,87,1,31,0,2,0,120,1,4,121,4
"Home1938",1778,28,17,46,12,8,2,82,31,4,113,4
"les016",1954,57,1,48,0,6,0,111,1,4,112,4
"tonyclifton",1737,1,37,3,66,0,2,4,105,4,109,4
"satoshi",1833,40,2,62,2,1,0,103,4,4,107,4
"Grga1",1750,42,4,48,8,3,0,93,12,4,105,4
"TrialA",1871,51,2,48,1,1,0,100,3,4,103,4
"LeeveJung",1891,42,6,39,5,9,0,90,11,4,101,4
"BahtiyarGalimzhanov",1666,28,14,36,14,7,1,71,29,3,100,4
"milanbelobrk",1963,62,3,30,2,2,0,94,5,4,99,4
"win1soon",1586,39,1,54,2,3,0,96,3,3,99,4
"mukundranjan",1554,39,1,55,1,2,0,96,2,2,98,4
"pionfou",1910,42,1,48,0,6,0,96,1,4,97,4
"goodflood",1555,37,2,50,1,1,0,88,3,2,91,4
"tobimensch",1262,8,7,49,23,1,1,58,31,1,89,4
"VanLeeu",1837,5,45,3,31,0,5,8,81,4,89,4
"chesslion",1906,45,1,38,0,1,0,84,1,4,85,4
"rohlla",1927,35,1,46,1,1,0,82,2,4,84,4
"Pasargadae",1901,11,33,14,15,5,5,30,53,4,83,4
"Andrandandand",1610,20,1,55,5,1,0,76,6,3,82,4
"Bogen",1569,21,1,56,3,1,0,78,4,2,82,4
"-FISCHER-",1431,14,7,43,13,0,0,57,20,1,77,4
"azzkrc",1352,37,1,34,2,2,0,73,3,1,76,4
"LewsTherin777",1517,8,16,15,34,0,3,23,53,2,76,4
"VEGETAL",1754,19,8,25,21,0,2,44,31,4,75,4
"kogaa",1590,26,6,29,9,2,0,57,15,3,72,4
"Bohn-Jartholomew",1817,32,1,35,1,1,1,68,3,4,71,4
"GandalfTheTW",1780,35,3,29,3,0,0,64,6,4,70,4
"meberlioz",1450,6,26,7,27,0,3,13,56,2,69,4
"ceringma",1747,23,2,38,3,1,1,62,6,4,68,4
"danieldebaskerville",1518,4,17,13,33,0,1,17,51,2,68,4
"mgtevt",1363,12,1,52,1,1,0,65,2,1,67,4
"Zzorro",1662,21,4,31,6,4,1,56,11,3,67,4
"geniowilde",1838,27,6,25,2,3,1,55,9,4,64,4
"Tatok77",1775,15,1,44,2,2,0,61,3,4,64,4
"Scoop",1354,23,4,31,5,0,0,54,9,1,63,4
"stefanom",1829,30,2,29,0,2,0,61,2,4,63,4
"thercias",1947,25,1,30,1,6,0,61,2,4,63,4
"kurzeme",1889,19,2,35,2,3,0,57,4,4,61,4
"avojan",1731,22,2,32,4,0,0,54,6,4,60,4
"dorzh",2013,23,17,9,7,2,2,34,26,4,60,4
"Rivelon",1615,27,1,23,6,2,0,52,7,3,59,4
"tabelatabela",1732,2,17,6,31,0,2,8,50,4,58,4
"Addis",2105,35,3,15,2,2,0,52,5,4,57,4
"Morten123",1249,8,9,17,21,1,0,26,30,1,56,4
"ALEKSANDR29",1907,39,1,13,0,2,0,54,1,4,55,4
"AcoLaki",1907,28,1,22,0,3,0,53,1,4,54,4
"Kulkid",1812,27,1,24,0,1,0,52,1,4,53,4
"Nitroke93",1416,22,2,27,0,1,1,50,3,1,53,4
"ReginaBottana",1392,9,10,17,14,1,2,27,26,1,53,4
"oceanblue",1991,25,2,23,1,1,0,49,3,4,52,4
"Oleg1958",1741,25,1,23,0,3,0,51,1,4,52,4
"Sceccu62",1466,17,12,11,9,3,0,31,21,2,52,4
"Aporshakov",1724,13,2,32,1,2,1,47,4,4,51,4
"dago",1306,1,28,1,20,0,1,2,49,1,51,4
"kaligida",1788,18,3,29,1,0,0,47,4,4,51,4
"wheelchess",1856,15,8,17,9,0,2,32,19,4,51,4
"kartago",1738,23,6,19,2,0,0,42,8,4,50,4
"BIV",1911,20,9,12,6,1,1,33,16,4,49,4
"ratko3",1545,4,12,18,14,0,1,22,27,2,49,4
"vuk",1502,19,1,27,0,2,0,48,1,2,49,4
"marsam",1560,4,9,8,26,1,0,13,35,2,48,4
"paleta",1640,21,1,16,4,5,1,42,6,3,48,4
"catchmorris",1749,15,1,29,2,0,0,44,3,4,47,4
"cleoplatre",1560,12,5,17,9,3,1,32,15,2,47,4
"JoshWink",1616,10,16,3,18,0,0,13,34,3,47,4
"pooshkin",1529,1,33,1,6,0,6,2,45,2,47,4
"Archimboldi",1991,29,1,14,0,2,0,45,1,4,46,4
"Neo2014",1685,2,20,2,19,0,3,4,42,3,46,4
"raqim",1548,1,25,1,19,0,0,2,44,2,46,4
"smash777",1819,4,12,4,26,0,0,8,38,4,46,4
"stedwick",1730,28,3,14,1,0,0,42,4,4,46,4
"Adolphin",1453,15,3,23,1,3,0,41,4,2,45,4
"Lamihov",1899,23,5,14,1,1,1,38,7,4,45,4
"obanebane",1490,5,12,4,23,1,0,10,35,2,45,4
"soldier89_kn",2002,21,1,21,1,1,0,43,2,4,45,4
"Stanislav_K",1997,30,1,12,1,1,0,43,2,4,45,4
"coralines",1715,1,15,2,25,0,1,3,41,3,44,4
"Foliation",1860,20,1,22,1,0,0,42,2,4,44,4
"rafiswcc",1510,1,16,2,25,0,0,3,41,2,44,4
"Sofia777",1521,9,8,23,4,0,0,32,12,2,44,4
"rjcdagas",1736,16,8,9,9,0,1,25,18,4,43,4
"termodox",1804,17,1,21,1,3,0,41,2,4,43,4
"elverlek",1464,11,2,24,4,1,0,36,6,2,42,4
"oldaq",1525,16,3,21,1,1,0,38,4,2,42,4
"yak777",1643,17,1,19,2,3,0,39,3,3,42,4
"dabadabada",1507,1,17,0,21,0,2,1,40,2,41,4
"emphasis",1709,18,2,20,1,0,0,38,3,3,41,4
"ixdon",1406,14,4,18,2,3,0,35,6,1,41,4
"rade4566",1615,11,7,16,4,1,2,28,13,3,41,4
"DominikD",1698,13,5,18,4,0,0,31,9,3,40,4
"AbAbsurdo",1974,23,1,13,1,1,0,37,2,4,39,4
"BabifetMcgeesex",2109,8,18,4,8,1,0,13,26,4,39,4
"dVladimir",1711,12,6,11,6,3,1,26,13,3,39,4
"MRTCBNKY",1654,5,13,9,11,0,1,14,25,3,39,4
"parque178",1883,9,2,21,4,3,0,33,6,4,39,4
"Patent",1904,22,1,16,0,0,0,38,1,4,39,4
"Soska",1521,13,1,24,1,0,0,37,2,2,39,4
"Valentin45",1725,1,22,4,11,0,1,5,34,4,39,4
"alto",1318,3,10,5,19,0,1,8,30,1,38,4
"guitafishouttawaater",1725,17,4,15,2,0,0,32,6,4,38,4
"ostap32",1581,1,14,0,20,0,3,1,37,2,38,4
"velkypes",1609,1,13,1,20,0,3,2,36,3,38,4
"Arthrenaid",1418,13,6,7,8,1,2,21,16,1,37,4
"bumblebee",1399,14,2,19,0,2,0,35,2,1,37,4
"FACETIMECOMAU",1746,21,1,14,0,1,0,36,1,4,37,4
"imouseslipped",1836,10,2,25,0,0,0,35,2,4,37,4
"m90m",1658,12,4,15,4,1,1,28,9,3,37,4
"MadCow",1578,8,1,25,1,2,0,35,2,2,37,4
"strtatos",1560,19,1,14,0,3,0,36,1,2,37,4
"acsloaner",1320,3,4,21,8,0,0,24,12,1,36,4
"GunganAttack",1858,4,13,11,8,0,0,15,21,4,36,4
"MASTERINIO",1633,11,1,21,2,1,0,33,3,3,36,4
"suleymano",1680,17,1,16,2,0,0,33,3,3,36,4
"Arnoldchest",1394,10,2,21,2,0,0,31,4,1,35,4
"cerit",1631,8,3,18,4,2,0,28,7,3,35,4
"cormoran0000",1601,12,1,21,0,1,0,34,1,3,35,4
"hri83",1612,4,15,2,13,0,1,6,29,3,35,4
"Jelou",1653,15,2,16,1,1,0,32,3,3,35,4
"marselo",1732,15,1,16,1,2,0,33,2,4,35,4
"SchwarzerRitter",1736,11,2,20,1,1,0,32,3,4,35,4
"TOPO7",1454,1,10,0,20,0,4,1,34,2,35,4
"betun_adn",1274,1,11,3,16,0,3,4,30,1,34,4
"Dany27",1748,2,21,0,10,0,1,2,32,4,34,4
"MisterY",1848,22,2,10,0,0,0,32,2,4,34,4
"seb141414",1537,6,8,9,9,0,2,15,19,2,34,4
"UncrownedRoyalty",1707,15,1,16,0,2,0,33,1,3,34,4
"YuuNagi",1677,9,3,21,1,0,0,30,4,3,34,4
"Zoki-kasparov",1433,13,8,8,4,1,0,22,12,1,34,4
"aiadiv",1775,6,3,13,9,1,1,20,13,4,33,4
"billloggolo",1985,15,1,15,0,2,0,32,1,4,33,4
"dinasor",1828,21,1,9,0,2,0,32,1,4,33,4
"dockruglov",1740,12,2,16,3,0,0,28,5,4,33,4
"FraGer68",2447,25,5,2,0,1,0,28,5,4,33,4
"loko356",1624,13,2,13,3,2,0,28,5,3,33,4
"Sajonia",1653,11,1,19,0,0,2,30,3,3,33,4
"vitaminccc",1904,13,2,16,1,1,0,30,3,4,33,4
"Whitemouse",2033,11,1,20,0,1,0,32,1,4,33,4
"ChillyGonzalez",1780,13,1,17,0,1,0,31,1,4,32,4
"damonachey",1687,8,6,9,8,1,0,18,14,3,32,4
"devis",1450,1,9,5,16,0,1,6,26,2,32,4
"fastmike",1474,2,8,5,17,0,0,7,25,2,32,4
"hibi",1634,14,3,12,1,2,0,28,4,3,32,4
"Husarz",2009,21,2,9,0,0,0,30,2,4,32,4
"IRAVO",1568,7,5,9,7,0,4,16,16,2,32,4
"MarkoSkace",1562,6,2,22,2,0,0,28,4,2,32,4
"myirci",1823,15,1,14,0,2,0,31,1,4,32,4
"yalis",1445,4,10,9,9,0,0,13,19,2,32,4
"Elda64",2546,9,14,3,4,0,1,12,19,4,31,4
"FinkelFrand",1754,10,1,19,0,1,0,30,1,4,31,4
"Foundation1",1950,16,2,12,1,0,0,28,3,4,31,4
"harbour",1440,2,4,9,15,0,1,11,20,2,31,4
"Luisphotosmadrid",1514,8,2,17,3,0,1,25,6,2,31,4
"OCthethird",1283,8,1,20,1,1,0,29,2,1,31,4
"tonin1",1729,11,3,13,4,0,0,24,7,4,31,4
"Zahronsky",1302,4,12,3,11,0,1,7,24,1,31,4
"Aprilita",1606,5,3,9,13,0,0,14,16,3,30,4
"barabeusz",1722,14,1,13,1,1,0,28,2,4,30,4
"CheckMate666",1519,9,1,16,4,0,0,25,5,2,30,4
"drkhan",1292,4,2,19,5,0,0,23,7,1,30,4
"elizeums",1532,10,5,8,6,1,0,19,11,2,30,4
"elpixi",1733,2,6,6,16,0,0,8,22,4,30,4
"Evgen",1631,2,14,3,11,0,0,5,25,3,30,4
"Gearty",2232,15,1,10,2,2,0,27,3,4,30,4
"jc04",1892,11,4,10,3,1,1,22,8,4,30,4
"piramidus",1642,9,4,12,4,0,1,21,9,3,30,4
"shschessclubaaron",1526,5,10,9,6,0,0,14,16,2,30,4
"siboy",1441,2,11,2,14,0,1,4,26,2,30,4
"toar4",2283,14,3,12,1,0,0,26,4,4,30,4
"WitNik",1621,5,3,17,3,1,1,23,7,3,30,4
"xnavyx",1645,10,2,18,0,0,0,28,2,3,30,4
"BerserkMeIfYouCan",1502,9,1,18,1,0,0,27,2,2,29,4
"dedaljuba",1642,5,6,7,11,0,0,12,17,3,29,4
"donat019",1424,1,7,1,19,1,0,3,26,1,29,4
"dusan345",1342,8,3,12,6,0,0,20,9,1,29,4
"faustgen",1722,6,1,22,0,0,0,28,1,4,29,4
"FlexibleTree",1590,16,2,7,4,0,0,23,6,3,29,4
"gurli",1575,5,3,8,11,0,2,13,16,2,29,4
"JocaDisa",1389,3,5,15,5,1,0,19,10,1,29,4
"jsnx",1258,9,1,19,0,0,0,28,1,1,29,4
"MANDRILL215",1443,8,1,17,3,0,0,25,4,2,29,4
"olfuchs",1569,10,1,17,1,0,0,27,2,2,29,4
"pepeg",1745,9,2,13,4,1,0,23,6,4,29,4
"polof_2",1202,12,1,15,0,1,0,28,1,1,29,4
"sashaplast",1643,8,6,6,7,1,1,15,14,3,29,4
"VUnitis",1717,11,1,14,1,2,0,27,2,3,29,4
"zobi",1470,17,1,7,0,4,0,28,1,2,29,4
"BOCKOSRB555",1555,1,12,3,11,0,1,4,24,2,28,4
"d31081972",1802,19,1,8,0,0,0,27,1,4,28,4
"kaycak21",1697,7,2,12,5,1,1,20,8,3,28,4
"mkgyber",1809,8,1,18,0,1,0,27,1,4,28,4
"msa61",1622,2,3,8,14,1,0,11,17,3,28,4
"Rentcas",1615,2,2,13,10,0,1,15,13,3,28,4
"Stonebanks",1608,6,5,10,6,1,0,17,11,3,28,4
"tax2478",1687,7,2,17,2,0,0,24,4,3,28,4
"tukan",1618,3,17,1,6,1,0,5,23,3,28,4
"XoceanX",1653,13,1,14,0,0,0,27,1,3,28,4
"Chino195",1505,1,8,1,17,0,0,2,25,2,27,4
"Cornedauroch",1586,10,4,11,1,1,0,22,5,3,27,4
"mestrerusso",1712,9,2,13,1,1,1,23,4,3,27,4
"migarbi",1772,11,1,11,3,1,0,23,4,4,27,4
"MISAINASON",1445,5,2,20,0,0,0,25,2,2,27,4
"ritz22",1287,2,8,2,15,0,0,4,23,1,27,4
"rolodf",1506,7,7,8,4,1,0,16,11,2,27,4
"svn1962",1389,6,4,11,3,2,1,19,8,1,27,4
"violet_2045",1526,10,1,13,2,0,1,23,4,2,27,4
"almostunique",1695,11,4,6,3,2,0,19,7,3,26,4
"CM34",1632,20,1,5,0,0,0,25,1,3,26,4
"DUMORRO",1707,5,5,3,11,0,2,8,18,3,26,4
"gustukas1",1853,11,4,7,4,0,0,18,8,4,26,4
"kbsanswer",1527,11,1,12,2,0,0,23,3,2,26,4
"Krieg",1550,3,9,3,9,1,1,7,19,2,26,4
"miki16",1418,4,3,13,6,0,0,17,9,1,26,4
"osamson",1299,1,10,1,14,0,0,2,24,1,26,4
"sbarbier",1603,9,1,15,0,1,0,25,1,3,26,4
"seva1922",1541,1,8,3,9,3,2,7,19,2,26,4
"TheDragon21",1477,10,1,12,3,0,0,22,4,2,26,4
"alj",1374,1,8,0,15,0,1,1,24,1,25,4
"ArKen",1791,12,3,9,0,1,0,22,3,4,25,4
"ayahari",1505,1,5,4,15,0,0,5,20,2,25,4
"cortou44",1433,4,8,4,9,0,0,8,17,1,25,4
"cptmajormajor",1893,10,4,9,1,1,0,20,5,4,25,4
"Desperado55",1579,3,4,6,11,1,0,10,15,2,25,4
"Fioravanti",1534,5,9,4,6,1,0,10,15,2,25,4
"Hildegunst",1349,1,8,4,12,0,0,5,20,1,25,4
"mahmoodreza1981",1432,1,8,1,14,0,1,2,23,1,25,4
"miehscha",1713,1,3,7,13,1,0,9,16,3,25,4
"mitra",1497,11,2,9,1,2,0,22,3,2,25,4
"nunutsu",1390,8,2,10,5,0,0,18,7,1,25,4
"Petrochiant",2117,3,10,1,10,0,1,4,21,4,25,4
"semstart",1662,2,7,1,14,1,0,4,21,3,25,4
"Andromeda83",1825,12,1,10,0,1,0,23,1,4,24,4
"ANDRUHAKING",1584,7,3,8,5,1,0,16,8,2,24,4
"bearrr123",1684,4,7,7,5,1,0,12,12,3,24,4
"david141360",1985,4,15,0,3,0,2,4,20,4,24,4
"FujiXx",1950,11,1,11,0,1,0,23,1,4,24,4
"Golyabacsi",1620,8,2,12,1,1,0,21,3,3,24,4
"joko010",1553,1,6,5,11,0,1,6,18,2,24,4
"jrjs",1799,1,5,4,13,0,1,5,19,4,24,4
"lolo83",1605,1,5,14,2,0,2,15,9,3,24,4
"LuckyPunch",1781,3,8,2,11,0,0,5,19,4,24,4
"opice",1784,14,2,7,0,1,0,22,2,4,24,4
"Sentenza945",1395,7,5,10,1,0,1,17,7,1,24,4
"tudE",1723,7,6,7,1,3,0,17,7,4,24,4
"Vassil",2186,18,2,4,0,0,0,22,2,4,24,4
"VIKTOR1962",1476,10,1,12,0,1,0,23,1,2,24,4
"Wilfried",1355,2,8,4,9,1,0,7,17,1,24,4
"YAYALOULOU",1407,2,5,1,15,0,1,3,21,1,24,4
"Artem84",1696,9,1,9,1,2,1,20,3,3,23,4
"Bang_Sharp",1601,9,1,9,3,1,0,19,4,3,23,4
"chocho25ar",1882,5,5,4,6,2,1,11,12,4,23,4
"Edvard",1569,8,3,3,8,0,1,11,12,2,23,4
"gyytryrtyrh",1583,13,2,7,1,0,0,20,3,2,23,4
"IsraelAlcaraz",1514,1,9,2,9,0,2,3,20,2,23,4
"Kralj92",1893,5,5,7,6,0,0,12,11,4,23,4
"mrtmrt",1560,1,7,2,13,0,0,3,20,2,23,4
"Specto",1961,12,1,9,0,1,0,22,1,4,23,4
"Stefanc",1439,1,8,2,12,0,0,3,20,1,23,4
"SupremeGentleman",1694,12,1,10,0,0,0,22,1,3,23,4
"tobiasen",1267,5,2,14,1,1,0,20,3,1,23,4
"warley",1608,5,1,15,2,0,0,20,3,3,23,4
"bah4141",1500,2,6,5,8,1,0,8,14,2,22,4
"decoide100",1690,1,4,4,13,0,0,5,17,3,22,4
"Dzeusas",1703,6,1,15,0,0,0,21,1,3,22,4
"EKA7777",1666,7,1,11,1,2,0,20,2,3,22,4
"jr2412",1787,6,2,10,1,3,0,19,3,4,22,4
"Magof",1821,4,1,12,4,1,0,17,5,4,22,4
"Maverick59",1746,6,4,10,0,2,0,18,4,4,22,4
"Merovigian",1991,13,2,5,2,0,0,18,4,4,22,4
"nurluch",1620,11,2,5,3,1,0,17,5,3,22,4
"pjesak87",2008,12,1,8,0,1,0,21,1,4,22,4
"pline",1389,2,4,0,14,0,2,2,20,1,22,4
"pogo123",1701,2,3,3,12,0,2,5,17,3,22,4
"qulko",1837,11,1,9,0,1,0,21,1,4,22,4
"sallesasa",1794,7,1,8,2,3,1,18,4,4,22,4
"schachfl",1776,1,8,0,10,2,1,3,19,4,22,4
"shahrokh_farzin",1585,9,1,12,0,0,0,21,1,3,22,4
"sirboghel",1488,2,3,9,8,0,0,11,11,2,22,4
"Skoda",1409,4,3,4,11,0,0,8,14,1,22,4
"slipenko",1928,15,1,6,0,0,0,21,1,4,22,4
"truegod27",1779,8,1,12,1,0,0,20,2,4,22,4
"vaszav",1590,6,3,10,3,0,0,16,6,3,22,4
"Y0X",1206,1,6,2,13,0,0,3,19,1,22,4
"Zeleboba",1567,9,3,3,6,1,0,13,9,2,22,4
"abogowda",1647,7,3,7,3,1,0,15,6,3,21,4
"alex-57",1671,11,1,7,0,2,0,20,1,3,21,4
"amarant",1404,4,7,1,9,0,0,5,16,1,21,4
"archibalde",2184,3,4,10,3,1,0,14,7,4,21,4
"Basmaester",1757,6,1,12,2,0,0,18,3,4,21,4
"Bigvancho",1656,4,3,5,9,0,0,9,12,3,21,4
"elementx79",1292,2,4,5,10,0,0,7,14,1,21,4
"Gyorgy41",1487,4,5,4,8,0,0,8,13,2,21,4
"HassanKazemi",1618,4,4,5,7,1,0,10,11,3,21,4
"HellBoy1995",1779,5,8,4,4,0,0,9,12,4,21,4
"INVOR",1793,9,1,11,0,0,0,20,1,4,21,4
"KTtris",1698,1,8,2,9,0,1,3,18,3,21,4
"Lim8",1627,6,5,8,2,0,0,14,7,3,21,4
"neihaos",1484,3,1,13,4,0,0,16,5,2,21,4
"noobest_winner",1439,2,11,0,8,0,0,2,19,1,21,4
"shadiiiii",1193,1,4,3,13,0,0,4,17,1,21,4
"slimmanu",1516,6,7,4,4,0,0,10,11,2,21,4
"Spahic",1745,12,2,7,0,0,0,19,2,4,21,4
"teodorus",1514,3,5,2,11,0,0,5,16,2,21,4
"vrnovic67",1656,2,9,0,9,0,1,2,19,3,21,4
"akbars",1917,6,3,7,4,0,0,13,7,4,20,4
"Alez",1342,4,1,7,8,0,0,11,9,1,20,4
"Ang79",1710,4,1,14,0,1,0,19,1,3,20,4
"anl791",1720,5,1,12,1,1,0,18,2,3,20,4
"AnnaLiseDeSang",1447,1,3,1,15,0,0,2,18,2,20,4
"bahram-b",1442,4,1,14,1,0,0,18,2,2,20,4
"batvenci",1256,1,3,6,10,0,0,7,13,1,20,4
"budaletina",1592,5,1,13,1,0,0,18,2,3,20,4
"Christopho",1598,5,1,13,0,1,0,19,1,3,20,4
"Demonolith",1106,11,1,6,2,0,0,17,3,1,20,4
"humb",1628,3,2,13,2,0,0,16,4,3,20,4
"intuschach",1778,6,5,7,1,1,0,14,6,4,20,4
"Jalk",1583,6,4,4,6,0,0,10,10,2,20,4
"JekyDC",1373,5,5,9,1,0,0,14,6,1,20,4
"konaka29",1785,10,1,8,1,0,0,18,2,4,20,4
"lytchuk",1509,2,4,5,9,0,0,7,13,2,20,4
"martize",1402,1,7,2,10,0,0,3,17,1,20,4
"paulogaspar",1765,3,9,2,6,0,0,5,15,4,20,4
"pjcheck",1446,7,2,10,1,0,0,17,3,2,20,4
"Sashka_champion",1447,1,2,2,14,0,1,3,17,2,20,4
"sgettios737",1377,3,2,9,6,0,0,12,8,1,20,4
"suhailfayyad",1643,1,5,4,9,0,1,5,15,3,20,4
"Sutter",1721,13,2,3,1,1,0,17,3,3,20,4
"VAFAEV",1645,6,1,12,0,1,0,19,1,3,20,4
"valva",1674,5,2,10,2,1,0,16,4,3,20,4
"ver_vas",1743,1,14,0,5,0,0,1,19,4,20,4
"VPN",1541,7,3,6,4,0,0,13,7,2,20,4
"ak-tr",1614,6,2,7,3,1,0,14,5,3,19,3
"andyboy",1354,5,1,12,0,1,0,18,1,1,19,3
"ASzilagyi",1611,8,1,9,0,1,0,18,1,3,19,3
"azim7634",1416,3,7,0,8,0,1,3,16,1,19,3
"BlackSheeep",1623,1,10,0,8,0,0,1,18,3,19,3
"Debrant",1511,6,4,5,4,0,0,11,8,2,19,3
"dejuanachess",1609,6,1,11,1,0,0,17,2,3,19,3
"drunkplayer",1823,5,2,10,1,1,0,16,3,4,19,3
"edgardz",1712,7,1,11,0,0,0,18,1,3,19,3
"FSV",1581,1,7,3,8,0,0,4,15,2,19,3
"geo144",1574,5,1,11,1,1,0,17,2,2,19,3
"ilcroato",1395,3,4,5,7,0,0,8,11,1,19,3
"JAGUARBLACK",1506,8,2,4,4,0,1,12,7,2,19,3
"kall-max",1692,7,1,9,2,0,0,16,3,3,19,3
"masterblastr",1888,8,2,9,0,0,0,17,2,4,19,3
"Mendheim",1805,2,8,4,5,0,0,6,13,4,19,3
"MoonElf",1463,7,3,3,5,0,1,10,9,2,19,3
"nabov",1210,5,2,4,8,0,0,9,10,1,19,3
"patika",1563,7,1,10,1,0,0,17,2,2,19,3
"rotan",1421,9,1,8,0,1,0,18,1,1,19,3
"Serg01",2155,9,1,6,1,2,0,17,2,4,19,3
"sergek",1480,4,7,0,7,0,1,4,15,2,19,3
"Superboy",2243,8,2,6,1,1,1,15,4,4,19,3
"tarevg",1548,9,1,8,1,0,0,17,2,2,19,3
"Terminatorr",1426,7,1,7,4,0,0,14,5,1,19,3
"tututu",1229,3,3,6,6,0,1,9,10,1,19,3
"Vini700",1672,3,4,8,4,0,0,11,8,3,19,3
"zoranlaza",1601,8,1,7,2,1,0,16,3,3,19,3
"Alexander3",1525,1,5,1,11,0,0,2,16,2,18,3
"bebaa",1873,1,14,0,3,0,0,1,17,4,18,3
"cenizo",1765,6,1,10,1,0,0,16,2,4,18,3
"cnotesjazz",1231,1,9,1,7,0,0,2,16,1,18,3
"curuvijamane",1875,6,1,8,1,2,0,16,2,4,18,3
"devasteitoor",1491,4,2,7,5,0,0,11,7,2,18,3
"dusanjecarnajveci",1752,5,2,9,1,1,0,15,3,4,18,3
"Feelthecool",1424,4,3,5,6,0,0,9,9,1,18,3
"kaishakunin",1459,2,3,5,8,0,0,7,11,2,18,3
"lordhacker86",1629,5,3,9,0,0,1,14,4,3,18,3
"LordVoldemort",1611,6,3,9,0,0,0,15,3,3,18,3
"lujos",1740,6,1,7,3,0,1,13,5,4,18,3
"MagnusJorge",1564,8,1,9,0,0,0,17,1,2,18,3
"nagaraja1982",1612,4,4,6,4,0,0,10,8,3,18,3
"Nimrod64",2356,9,1,6,0,2,0,17,1,4,18,3
"njayd",1265,1,4,7,6,0,0,8,10,1,18,3
"Nouche",1680,10,1,7,0,0,0,17,1,3,18,3
"ponyju",1586,4,1,10,3,0,0,14,4,3,18,3
"rems",1362,1,2,6,9,0,0,7,11,1,18,3
"rovina",1392,3,3,6,6,0,0,9,9,1,18,3
"samynet",1519,5,1,6,6,0,0,11,7,2,18,3
"SETAYESH87",1575,1,1,1,15,0,0,2,16,2,18,3
"slick97",1844,4,7,3,4,0,0,7,11,4,18,3
"sund987",1813,6,2,7,1,1,1,14,4,4,18,3
"TapakaH41k",1930,11,1,6,0,0,0,17,1,4,18,3
"zalim",1480,6,2,9,1,0,0,15,3,2,18,3
"Asmchess",1575,11,3,3,0,0,0,14,3,2,17,3
"cenapselcuk",1765,2,3,4,7,0,1,6,11,4,17,3
"DNVM",1721,4,6,3,4,0,0,7,10,3,17,3
"eppo",2105,7,1,8,1,0,0,15,2,4,17,3
"fendo59",1722,5,2,7,3,0,0,12,5,4,17,3
"frenkica",1287,1,8,2,6,0,0,3,14,1,17,3
"GFRS",1988,9,1,6,1,0,0,15,2,4,17,3
"Heidelbergen",1349,2,4,4,4,0,3,6,11,1,17,3
"JhonWin",1532,2,1,13,1,0,0,15,2,2,17,3
"Kronwall",1705,9,1,6,1,0,0,15,2,3,17,3
"Lemuel_Gulliver",1774,4,1,9,3,0,0,13,4,4,17,3
"LeninaCrowne",1365,1,3,1,12,0,0,2,15,1,17,3
"LightShadow",1426,4,2,8,3,0,0,12,5,1,17,3
"MACKO93",1546,7,1,5,3,1,0,13,4,2,17,3
"mowglie",1449,6,2,7,2,0,0,13,4,2,17,3
"rashit",1671,2,6,0,8,0,1,2,15,3,17,3
"reydeguerras",1524,4,3,8,1,0,1,12,5,2,17,3
"safaale",1356,3,5,5,4,0,0,8,9,1,17,3
"tailuge",1404,4,2,6,5,0,0,10,7,1,17,3
"tarapana",1869,10,1,3,1,2,0,15,2,4,17,3
"ThreeFoxes",1346,2,6,1,7,0,1,3,14,1,17,3
"truten56",1693,1,13,0,3,0,0,1,16,3,17,3
"woodswoods",1706,6,1,9,0,1,0,16,1,3,17,3
"zadiriev",1610,5,6,1,5,0,0,6,11,3,17,3
"Alekhinek",1505,1,2,3,10,0,0,4,12,2,16,3
"alirezalor",1487,5,8,3,0,0,0,8,8,2,16,3
"arielww",1363,2,5,3,6,0,0,5,11,1,16,3
"asghar1933",1393,1,8,1,6,0,0,2,14,1,16,3
"atilioss",1238,4,1,6,5,0,0,10,6,1,16,3
"avivatico2",1727,3,6,5,2,0,0,8,8,4,16,3
"berk_engr",1389,4,2,3,5,1,1,8,8,1,16,3
"bysyto",1894,11,1,4,0,0,0,15,1,4,16,3
"Compost",1424,9,1,5,0,1,0,15,1,1,16,3
"Eggplant",2294,10,1,2,1,1,1,13,3,4,16,3
"erebouni",1300,1,6,1,8,0,0,2,14,1,16,3
"H-A-R-LEY",1350,5,1,7,1,2,0,14,2,1,16,3
"Have_Fun",1742,6,2,4,3,1,0,11,5,4,16,3
"kualalumpur",1292,1,4,1,10,0,0,2,14,1,16,3
"MonkeyGun",1206,2,5,1,8,0,0,3,13,1,16,3
"NimzoBros",1654,5,1,8,0,2,0,15,1,3,16,3
"ODBB",1635,1,7,1,7,0,0,2,14,3,16,3
"sakicek",1461,1,2,4,9,0,0,5,11,2,16,3
"shovelknight",1465,8,1,4,3,0,0,12,4,2,16,3
"Usub",1773,6,1,8,1,0,0,14,2,4,16,3
"Vit71",1313,1,4,0,9,0,2,1,15,1,16,3
"wilmar1",1654,2,1,9,4,0,0,11,5,3,16,3
"Alain30",1606,1,8,1,5,0,0,2,13,3,15,3
"ali131313",1435,2,4,3,4,1,1,6,9,1,15,3
"Amiir",1524,1,8,0,6,0,0,1,14,2,15,3
"Anam",1804,2,5,3,3,0,2,5,10,4,15,3
"asxetidis",1578,1,7,1,5,1,0,3,12,2,15,3
"Byering",1730,7,1,6,0,1,0,14,1,4,15,3
"chess1877",1628,6,1,7,0,0,1,13,2,3,15,3
"chessarchi",1796,10,1,4,0,0,0,14,1,4,15,3
"daNeo",1367,4,2,6,3,0,0,10,5,1,15,3
"DF72",1333,3,5,4,3,0,0,7,8,1,15,3
"Dmitry_Fedorgun",1281,4,1,4,4,0,2,8,7,1,15,3
"epeus",1247,2,1,12,0,0,0,14,1,1,15,3
"fedorstar",1661,1,6,3,4,1,0,5,10,3,15,3
"formatc",1442,5,3,3,4,0,0,8,7,2,15,3
"gamal75",1593,3,3,2,7,0,0,5,10,3,15,3
"gengis78",1558,1,6,0,6,1,1,2,13,2,15,3
"geogvanter",1832,2,1,9,1,2,0,13,2,4,15,3
"godzilla32",1567,1,12,0,2,0,0,1,14,2,15,3
"GongTao",1434,3,2,8,2,0,0,11,4,1,15,3
"HeitorDamiao",1254,2,6,1,5,0,1,3,12,1,15,3
"iranmahd",1323,4,1,7,2,1,0,12,3,1,15,3
"IvoryRedLama",2104,6,1,8,0,0,0,14,1,4,15,3
"jalalshajiei",1778,2,6,1,6,0,0,3,12,4,15,3
"Jawohl",1820,10,1,3,0,1,0,14,1,4,15,3
"JRock87",1597,6,1,6,2,0,0,12,3,3,15,3
"kakasarabi",1850,1,2,6,5,1,0,8,7,4,15,3
"kamchatka61",1462,7,1,6,1,0,0,13,2,2,15,3
"loceri",1642,1,6,0,8,0,0,1,14,3,15,3
"millefeuille",1334,3,5,2,5,0,0,5,10,1,15,3
"molamola",1639,2,2,4,7,0,0,6,9,3,15,3
"mpf05",1847,2,5,2,6,0,0,4,11,4,15,3
"Newan48",1765,8,2,5,0,0,0,13,2,4,15,3
"nitxcool",1297,1,1,12,1,0,0,13,2,1,15,3
"ORIK81",1898,4,5,4,2,0,0,8,7,4,15,3
"proof_07",1424,6,1,7,0,1,0,14,1,1,15,3
"puliciclone",1760,7,1,7,0,0,0,14,1,4,15,3
"servaordinem",1638,7,1,5,0,1,1,13,2,3,15,3
"Sherlocky",1709,8,1,6,0,0,0,14,1,3,15,3
"shirlynfred",1470,6,3,4,1,1,0,11,4,2,15,3
"skacool",1434,1,7,0,7,0,0,1,14,1,15,3
"SLEEPING",1864,7,1,5,1,1,0,13,2,4,15,3
"snehurka007",1412,3,2,2,8,0,0,5,10,1,15,3
"Sorin_Ionut",1825,4,1,7,2,0,1,11,4,4,15,3
"Srpp",1462,8,1,3,3,0,0,11,4,2,15,3
"taka6s6",1499,6,1,4,4,0,0,10,5,2,15,3
"vandam2120",1617,2,3,3,6,1,0,6,9,3,15,3
"wintera98",1538,1,7,1,6,0,0,2,13,2,15,3
"Yansk",1564,8,2,4,1,0,0,12,3,2,15,3
"yendisanz",1279,1,3,0,11,0,0,1,14,1,15,3
"Zlatko82",1841,3,6,0,5,0,1,3,12,4,15,3
"ZPKSoft",1820,7,2,6,0,0,0,13,2,4,15,3
"zvezdan",1591,2,4,1,8,0,0,3,12,3,15,3
"ARTjoMS",1925,3,2,0,8,1,0,4,10,4,14,3
"AScale",1326,2,2,5,5,0,0,7,7,1,14,3
"ax_baran",1808,8,3,0,3,0,0,8,6,4,14,3
"Benimacleter",1610,2,1,2,7,1,1,5,9,3,14,3
"cyd",1300,3,4,0,6,0,1,3,11,1,14,3
"david11",1811,7,3,1,3,0,0,8,6,4,14,3
"dodici1",1548,1,1,10,1,0,1,11,3,2,14,3
"ELGRANCACHA",1938,10,2,1,0,1,0,12,2,4,14,3
"Fasoo",1468,4,1,8,1,0,0,12,2,2,14,3
"fuoriuso",1508,3,3,6,2,0,0,9,5,2,14,3
"FURIOUSKING",1371,3,4,5,1,1,0,9,5,1,14,3
"gettester",1405,1,5,1,6,0,1,2,12,1,14,3
"GHOSTMIND",1519,1,1,7,5,0,0,8,6,2,14,3
"hamid123",1556,1,7,0,6,0,0,1,13,2,14,3
"heloise",1314,4,1,4,5,0,0,8,6,1,14,3
"HugeCasual",1200,1,1,1,10,1,0,3,11,1,14,3
"Ivandelsur",1526,2,6,1,5,0,0,3,11,2,14,3
"John_George_JR",1725,1,7,1,5,0,0,2,12,4,14,3
"Judoman",1273,1,4,1,7,0,1,2,12,1,14,3
"kambudjia",1556,1,1,7,2,2,1,10,4,2,14,3
"koba001",1474,2,6,0,5,0,1,2,12,2,14,3
"lau65",1489,2,3,2,4,0,3,4,10,2,14,3
"matthias123",1333,2,4,1,7,0,0,3,11,1,14,3
"MirekVeverka",1197,1,5,3,5,0,0,4,10,1,14,3
"mujo074",1582,3,1,1,8,0,1,4,10,2,14,3
"osipov",1891,6,2,6,0,0,0,12,2,4,14,3
"Pantzes",1381,5,1,7,0,1,0,13,1,1,14,3
"Pbatch23888",2145,10,1,2,0,1,0,13,1,4,14,3
"penton",1414,6,3,5,0,0,0,11,3,1,14,3
"PetElephant",1841,2,1,9,0,2,0,13,1,4,14,3
"predalien",1670,1,8,0,3,0,2,1,13,3,14,3
"Rafael100",1915,3,1,9,0,0,1,12,2,4,14,3
"rafrym",1981,4,1,9,0,0,0,13,1,4,14,3
"rise_UIED",1622,3,8,0,3,0,0,3,11,3,14,3
"saeed1118",1462,1,7,0,6,0,0,1,13,2,14,3
"sakarel",1563,5,2,4,2,1,0,10,4,2,14,3
"serg43",1350,1,5,2,6,0,0,3,11,1,14,3
"siamak20",1968,3,1,9,1,0,0,12,2,4,14,3
"thisisdhaas",2040,5,2,5,2,0,0,10,4,4,14,3
"trickybishops",1830,7,1,6,0,0,0,13,1,4,14,3
"xone",1565,3,4,2,4,1,0,6,8,2,14,3
"yann124",1588,4,2,2,6,0,0,6,8,3,14,3
"Yvoyalaruina",1307,1,4,3,5,1,0,5,9,1,14,3
"Assalonne",1769,6,1,6,0,0,0,12,1,4,13,3
"burachaga",1867,1,2,5,5,0,0,6,7,4,13,3
"CoffeePlayer",1699,3,1,8,1,0,0,11,2,3,13,3
"demon129",1374,2,2,2,7,0,0,4,9,1,13,3
"Desko_D",1824,7,1,5,0,0,0,12,1,4,13,3
"e60",1531,3,1,5,4,0,0,8,5,2,13,3
"iman60",2011,4,1,6,1,1,0,11,2,4,13,3
"JPTriton",1527,1,4,2,6,0,0,3,10,2,13,3
"juanchi13",1739,6,2,4,1,0,0,10,3,4,13,3
"kepesumbro",1396,1,7,0,4,1,0,2,11,1,13,3
"king_of_siyavash",1754,2,1,9,1,0,0,11,2,4,13,3
"lerappat",1654,9,2,1,1,0,0,10,3,3,13,3
"Mate1",1562,4,1,6,1,0,1,10,3,2,13,3
"mikewolf13",1468,1,1,7,4,0,0,8,5,2,13,3
"mmerken",1731,7,2,3,1,0,0,10,3,4,13,3
"netwalker",1406,5,5,2,1,0,0,7,6,1,13,3
"Nielsferatu",1770,2,2,2,5,0,2,4,9,4,13,3
"ondrejd288",1363,6,2,3,2,0,0,9,4,1,13,3
"onisse",1545,5,1,5,1,1,0,11,2,2,13,3
"pelao",1625,3,5,2,3,0,0,5,8,3,13,3
"perico12",1793,2,4,3,4,0,0,5,8,4,13,3
"pokemonisfun",1837,9,1,3,0,0,0,12,1,4,13,3
"rsiemon",1462,1,3,5,4,0,0,6,7,2,13,3
"SpanishPenguin",1787,2,3,7,0,1,0,10,3,4,13,3
"Tarique",1683,2,4,6,0,1,0,9,4,3,13,3
"wolfbrother77",1610,3,1,4,3,1,1,8,5,3,13,3
"zezinches",1755,4,2,6,1,0,0,10,3,4,13,3
"a4532",1601,2,4,5,1,0,0,7,5,3,12,3
"ahmadkhazaei",1440,1,8,1,2,0,0,2,10,2,12,3
"alezsz",1306,3,2,4,1,2,0,9,3,1,12,3
"ashot6677",1613,2,1,5,3,1,0,8,4,3,12,3
"C4_ExplosiveMove",1504,2,2,6,2,0,0,8,4,2,12,3
"chico202000",1500,1,8,1,1,0,1,2,10,2,12,3
"Dbrnjh333",1388,1,2,0,8,0,1,1,11,1,12,3
"Deft",1614,1,5,1,4,1,0,3,9,3,12,3
"donphilbo",1266,1,5,3,3,0,0,4,8,1,12,3
"edin1234",1213,2,3,4,3,0,0,6,6,1,12,3
"eminnaxchess",1949,4,1,3,4,0,0,7,5,4,12,3
"eomersis",1503,1,3,0,7,1,0,2,10,2,12,3
"Fabiosax",1628,4,1,6,1,0,0,10,2,3,12,3
"fitoGM",1531,1,6,2,2,0,1,3,9,2,12,3
"Fugitive13",1214,1,3,1,7,0,0,2,10,1,12,3
"God-Save-Chess",1588,1,1,6,2,1,1,8,4,3,12,3
"HankTheTank12",1524,6,1,4,1,0,0,10,2,2,12,3
"Harms_D",1682,9,1,2,0,0,0,11,1,3,12,3
"horung",1550,2,5,0,5,0,0,2,10,2,12,3
"JulayE3",1505,1,1,7,3,0,0,8,4,2,12,3
"karpo72",1726,3,2,7,0,0,0,10,2,4,12,3
"Kazem46",1330,2,1,0,9,0,0,2,10,1,12,3
"laci64",1462,1,4,2,5,0,0,3,9,2,12,3
"mealoser",1705,5,1,3,3,0,0,8,4,3,12,3
"mgalbraithm",1396,2,5,1,4,0,0,3,9,1,12,3
"Miloff",1897,2,1,8,1,0,0,10,2,4,12,3
"mozbet",1499,1,4,0,7,0,0,1,11,2,12,3
"nathanf314",1854,2,1,7,0,2,0,11,1,4,12,3
"raulg",1642,6,1,4,0,1,0,11,1,3,12,3
"Razer-1988",1558,1,2,6,3,0,0,7,5,2,12,3
"Regislian",1298,2,1,4,5,0,0,6,6,1,12,3
"ronniak",1690,4,2,3,3,0,0,7,5,3,12,3
"RyanC",1575,1,5,1,5,0,0,2,10,2,12,3
"sh82n",1359,5,1,4,2,0,0,9,3,1,12,3
"sparrow",1315,1,1,0,10,0,0,1,11,1,12,3
"StockfishFans",1534,5,2,5,0,0,0,10,2,2,12,3
"stonecollector",1525,4,1,5,1,1,0,10,2,2,12,3
"tfernandesm",1473,3,1,8,0,0,0,11,1,2,12,3
"Thrallzz",2151,8,1,2,0,1,0,11,1,4,12,3
"tite-live",1419,2,5,0,5,0,0,2,10,1,12,3
"tsu-e-fa",1569,1,2,2,7,0,0,3,9,2,12,3
"vchess4",1652,1,2,1,8,0,0,2,10,3,12,3
"vedran193",1578,3,1,2,6,0,0,5,7,2,12,3
"yakupov_dima",1498,6,1,5,0,0,0,11,1,2,12,3
"yarko",1610,4,1,4,3,0,0,8,4,3,12,3
"zitterbart",1702,8,1,3,0,0,0,11,1,3,12,3
"a24z",1160,1,2,1,7,0,0,2,9,1,11,3
"AjedrezArg",1564,3,1,6,1,0,0,9,2,2,11,3
"amir2197",1638,4,1,4,1,1,0,9,2,3,11,3
"Ampersand",1735,2,3,3,2,1,0,6,5,4,11,3
"andonuts",1426,2,3,0,4,0,2,2,9,1,11,3
"aristillusbas",1359,3,2,3,3,0,0,6,5,1,11,3
"atomicworld45",1514,1,2,5,2,0,1,6,5,2,11,3
"b22",1875,5,2,2,2,0,0,7,4,4,11,3
"Bjorgvin1",1816,3,1,6,1,0,0,9,2,4,11,3
"boan57",1683,4,2,5,0,0,0,9,2,3,11,3
"bordercros",1646,1,1,5,4,0,0,6,5,3,11,3
"cutxillo6",1497,1,6,0,3,0,1,1,10,2,11,3
"dodox",1371,4,1,4,0,2,0,10,1,1,11,3
"doktorvatson",1315,2,3,0,6,0,0,2,9,1,11,3
"Enderer",1294,5,1,3,2,0,0,8,3,1,11,3
"fandrioli",1572,9,1,1,0,0,0,10,1,2,11,3
"fou36",1714,1,5,1,4,0,0,2,9,3,11,3
"Frapator",1757,2,4,2,2,1,0,5,6,4,11,3
"Genri",1296,1,5,0,5,0,0,1,10,1,11,3
"Given420",2035,3,7,0,1,0,0,3,8,4,11,3
"hamidr",1836,3,1,7,0,0,0,10,1,4,11,3
"HenrikIbiza",1485,1,5,0,4,0,1,1,10,2,11,3
"holyver",1224,7,1,1,2,0,0,8,3,1,11,3
"Karolinka",1342,4,2,5,0,0,0,9,2,1,11,3
"kaug",1508,2,1,7,1,0,0,9,2,2,11,3
"mahabatnha",1744,1,4,1,5,0,0,2,9,4,11,3
"mamandus",1959,1,5,3,2,0,0,4,7,4,11,3
"Man67",1376,1,2,2,6,0,0,3,8,1,11,3
"mjb503",1688,5,1,4,1,0,0,9,2,3,11,3
"Murmeltier28",1527,4,1,6,0,0,0,10,1,2,11,3
"OpenGamer",1217,2,2,1,5,0,1,3,8,1,11,3
"papistyle",1764,4,1,5,0,1,0,10,1,4,11,3
"pawncount",1662,2,1,6,0,2,0,10,1,3,11,3
"Phexxer",1298,1,3,0,7,0,0,1,10,1,11,3
"pinki-62",1861,4,2,4,1,0,0,8,3,4,11,3
"pinzutto",1144,1,1,3,6,0,0,4,7,1,11,3
"PolishPain",1679,6,1,4,0,0,0,10,1,3,11,3
"raumlich",1659,5,3,3,0,0,0,8,3,3,11,3
"relayer",1442,1,4,0,6,0,0,1,10,2,11,3
"Safifa",2005,7,1,2,0,1,0,10,1,4,11,3
"Sefer",1805,3,3,3,1,1,0,7,4,4,11,3
"ssirio",1482,4,2,3,1,1,0,8,3,2,11,3
"Stavro1",1532,1,7,0,3,0,0,1,10,2,11,3
"Tristano",1378,3,1,6,0,1,0,10,1,1,11,3
"uheredia",1543,3,1,7,0,0,0,10,1,2,11,3
"ulicka",1403,3,2,4,2,0,0,7,4,1,11,3
"va3101",1551,3,1,4,3,0,0,7,4,2,11,3
"VaselineTopalov",1654,1,3,0,7,0,0,1,10,3,11,3
"violeteye4",1991,4,1,6,0,0,0,10,1,4,11,3
"z_hassani",1537,1,3,2,5,0,0,3,8,2,11,3
"zetov",1474,1,4,2,4,0,0,3,8,2,11,3
"zzpp",1799,3,1,3,3,0,1,6,5,4,11,3
"a_physicist",1313,3,2,4,1,0,0,7,3,1,10,2
"Adi3838",1666,1,2,4,2,0,1,5,5,3,10,2
"aghrab",1505,2,1,4,2,0,1,6,4,2,10,2
"akselwho",1262,2,1,6,0,1,0,9,1,1,10,2
"amirthr",1668,1,1,0,6,1,1,2,8,3,10,2
"babaei",1589,1,1,8,0,0,0,9,1,3,10,2
"bargou",1532,1,5,1,3,0,0,2,8,2,10,2
"Besson-72",1377,1,2,2,5,0,0,3,7,1,10,2
"betobastos",1362,4,1,4,1,0,0,8,2,1,10,2
"bihukujiko",1535,1,4,0,5,0,0,1,9,2,10,2
"bnr09",1570,4,1,1,4,0,0,5,5,2,10,2
"BOXPA",1685,2,1,2,1,3,1,7,3,3,10,2
"chess_59",1687,1,1,3,4,1,0,5,5,3,10,2
"cittavecchia",1546,2,1,4,2,1,0,7,3,2,10,2
"ctac56",1357,1,2,0,7,0,0,1,9,1,10,2
"dondon",1781,4,1,4,1,0,0,8,2,4,10,2
"DREAMCATHER",1485,2,1,4,3,0,0,6,4,2,10,2
"farid_222",2092,6,1,1,0,2,0,9,1,4,10,2
"feyzi",1405,2,1,3,4,0,0,5,5,1,10,2
"fjolsvidr",1529,4,2,3,1,0,0,7,3,2,10,2
"FMAROUAN",1927,4,1,4,0,1,0,9,1,4,10,2
"garik7777",1575,5,1,3,1,0,0,8,2,2,10,2
"gramo",1548,2,2,1,5,0,0,3,7,2,10,2
"hamidian",1478,5,1,4,0,0,0,9,1,2,10,2
"helmutLipfert6",1650,2,1,5,2,0,0,7,3,3,10,2
"Impatial",1369,1,1,8,0,0,0,9,1,1,10,2
"jelac",1502,4,1,3,0,2,0,9,1,2,10,2
"jugando90",1616,4,1,5,0,0,0,9,1,3,10,2
"kenny15",1246,1,3,0,5,0,1,1,9,1,10,2
"kotbegemot",1746,2,1,5,2,0,0,7,3,4,10,2
"LauraEvan",1763,1,6,0,3,0,0,1,9,4,10,2
"luigino",1308,1,1,1,7,0,0,2,8,1,10,2
"MASKO52",1714,3,1,4,1,1,0,8,2,3,10,2
"mentibus",1682,2,2,1,4,1,0,4,6,3,10,2
"miraqe2",1403,1,3,0,5,0,1,1,9,1,10,2
"Misha77",1644,1,4,1,3,0,1,2,8,3,10,2
"mutatio",1660,1,4,4,1,0,0,5,5,3,10,2
"nwinston",1384,1,3,0,6,0,0,1,9,1,10,2
"Paralian",1632,1,4,1,4,0,0,2,8,3,10,2
"rain2014",1512,4,2,4,0,0,0,8,2,2,10,2
"Ralexx",1806,7,1,0,1,1,0,8,2,4,10,2
"Ramisis",1710,2,1,5,2,0,0,7,3,3,10,2
"Roman753",1527,1,3,0,5,0,1,1,9,2,10,2
"rop8ap",1177,1,1,8,0,0,0,9,1,1,10,2
"runpawnrun",1608,1,1,6,2,0,0,7,3,3,10,2
"Sakinol",1668,1,5,0,4,0,0,1,9,3,10,2
"sasanx",1515,1,3,0,5,0,1,1,9,2,10,2
"Seer59",1527,2,1,5,2,0,0,7,3,2,10,2
"Soltor",1797,6,1,3,0,0,0,9,1,4,10,2
"son1of9sun95",1331,3,1,3,3,0,0,6,4,1,10,2
"sovietchessschool",1799,5,1,4,0,0,0,9,1,4,10,2
"spock23",1345,1,4,1,4,0,0,2,8,1,10,2
"stic",1191,2,1,5,2,0,0,7,3,1,10,2
"tarair",1388,1,4,2,3,0,0,3,7,1,10,2
"ThatAmine",1690,5,2,2,1,0,0,7,3,3,10,2
"thodskyrim",1253,1,1,2,6,0,0,3,7,1,10,2
"yonose",1573,2,2,3,3,0,0,5,5,2,10,2
"aioyuo",1739,1,1,5,2,0,0,6,3,4,9,2
"alecool2",1476,2,2,2,3,0,0,4,5,2,9,2
"Aliki",1558,1,1,3,4,0,0,4,5,2,9,2
"ALREMO",1790,2,3,1,2,1,0,4,5,4,9,2
"amini688",1415,1,4,3,1,0,0,4,5,1,9,2
"anjos",1211,1,1,2,5,0,0,3,6,1,9,2
"Anwarov",1845,1,5,0,2,0,1,1,8,4,9,2
"Bakka",2136,3,5,0,1,0,0,3,6,4,9,2
"blad4847",1474,2,2,2,3,0,0,4,5,2,9,2
"blunderered",1314,1,1,5,2,0,0,6,3,1,9,2
"bobek123",1586,2,1,3,3,0,0,5,4,3,9,2
"BOBIPET",1382,3,2,4,0,0,0,7,2,1,9,2
"BreadBoxKane",1249,1,1,6,1,0,0,7,2,1,9,2
"cabouche",1456,1,2,0,5,0,1,1,8,2,9,2
"cajelun",1483,2,1,6,0,0,0,8,1,2,9,2
"Cartman73",2075,4,1,1,3,0,0,5,4,4,9,2
"chessgranny",1233,2,3,1,3,0,0,3,6,1,9,2
"ChiefTimeKeeper",1450,3,1,1,3,1,0,5,4,2,9,2
"chopin8",1345,2,1,2,4,0,0,4,5,1,9,2
"Clemmus",1692,5,1,3,0,0,0,8,1,3,9,2
"Corgatha",1834,3,1,4,1,0,0,7,2,4,9,2
"coucou40460",1196,1,1,0,7,0,0,1,8,1,9,2
"dappertutto",1685,3,1,5,0,0,0,8,1,3,9,2
"denyz22",1667,4,1,4,0,0,0,8,1,3,9,2
"dragec97",1559,4,3,1,1,0,0,5,4,2,9,2
"edumucation",2197,2,5,0,2,0,0,2,7,4,9,2
"elgavi",1486,1,3,1,4,0,0,2,7,2,9,2
"fm960",1740,3,2,4,0,0,0,7,2,4,9,2
"Fufik390",1652,1,1,5,2,0,0,6,3,3,9,2
"Genesis_Tri",1552,2,1,6,0,0,0,8,1,2,9,2
"h_v_ir",1535,1,1,0,7,0,0,1,8,2,9,2
"hayoolaa",1591,4,1,1,3,0,0,5,4,3,9,2
"hermetofichen",1471,1,2,0,6,0,0,1,8,2,9,2
"Huntos",1809,3,2,0,4,0,0,3,6,4,9,2
"ismatf91",1259,2,1,2,4,0,0,4,5,1,9,2
"J9830434",1550,1,1,0,5,0,2,1,8,2,9,2
"juandres",1723,3,3,1,1,0,1,4,5,4,9,2
"karabas",1474,1,1,0,7,0,0,1,8,2,9,2
"Kichaika",1428,1,4,1,3,0,0,2,7,1,9,2
"kostinho",1394,2,1,3,2,1,0,6,3,1,9,2
"kxqa4pat",1792,5,1,0,3,0,0,5,4,4,9,2
"lemonia",1446,3,1,4,0,1,0,8,1,2,9,2
"mahir123",1726,3,1,5,0,0,0,8,1,4,9,2
"matthias12345",1588,1,1,3,3,1,0,5,4,3,9,2
"MelvilQ",1325,3,1,4,1,0,0,7,2,1,9,2
"mgmgmg",1509,4,1,3,1,0,0,7,2,2,9,2
"mihailosvk",1370,3,2,2,2,0,0,5,4,1,9,2
"musca",1959,1,7,0,1,0,0,1,8,4,9,2
"mustangfan",1862,6,1,1,1,0,0,7,2,4,9,2
"myron_007",1389,1,3,1,4,0,0,2,7,1,9,2
"Naarmu",1628,3,2,3,1,0,0,6,3,3,9,2
"nicoitaly",1577,3,1,5,0,0,0,8,1,2,9,2
"oleg1976",1715,3,1,4,1,0,0,7,2,3,9,2
"outdoorsmyn",1662,5,1,0,3,0,0,5,4,3,9,2
"pedram8968",1583,4,1,3,1,0,0,7,2,2,9,2
"pisika",1660,4,1,4,0,0,0,8,1,3,9,2
"prz",1891,5,1,1,2,0,0,6,3,4,9,2
"Ragnarook",1308,1,2,5,1,0,0,6,3,1,9,2
"Rene_13",1640,1,2,2,4,0,0,3,6,3,9,2
"rfabian",1198,2,1,1,5,0,0,3,6,1,9,2
"Roberme",1515,1,4,2,1,0,1,3,6,2,9,2
"savanovic",1545,1,1,3,3,1,0,5,4,2,9,2
"Sevane",1567,1,1,0,6,0,1,1,8,2,9,2
"sharathfloyd",1387,2,2,0,5,0,0,2,7,1,9,2
"SheldonRampton",1420,5,1,2,1,0,0,7,2,1,9,2
"somethingpretentious",1599,1,1,5,1,1,0,7,2,3,9,2
"sorenagrand",1933,4,1,4,0,0,0,8,1,4,9,2
"SuperMegaCheater",1432,4,4,0,1,0,0,4,5,1,9,2
"Swordfishtrombones",1494,1,1,5,2,0,0,6,3,2,9,2
"tacotacotaco",1426,2,1,4,2,0,0,6,3,1,9,2
"tandr",1486,1,1,2,5,0,0,3,6,2,9,2
"torpe",1521,1,2,0,6,0,0,1,8,2,9,2
"TotoshkaCom",1533,1,5,1,2,0,0,2,7,2,9,2
"uktamsaparov",1642,5,2,2,0,0,0,7,2,3,9,2
"vagor",1360,1,1,5,2,0,0,6,3,1,9,2
"velnov1",1706,2,2,2,2,1,0,5,4,3,9,2
"Vicq59",1715,2,1,4,0,2,0,8,1,3,9,2
"YOANNAS",1131,1,2,3,3,0,0,4,5,1,9,2
"Yomerito83",1590,1,2,3,3,0,0,4,5,3,9,2
"Aceves",1625,2,2,4,0,0,0,6,2,3,8,2
"akhisseus",1502,4,1,2,0,1,0,7,1,2,8,2
"alamut62",1274,1,4,0,3,0,0,1,7,1,8,2
"anat_68",1764,4,2,0,2,0,0,4,4,4,8,2
"andy1234",1718,4,1,3,0,0,0,7,1,3,8,2
"anopows",1385,1,1,3,3,0,0,4,4,1,8,2
"armen1111",1488,1,1,1,4,0,1,2,6,2,8,2
"Astrophysics",1596,1,1,3,2,0,1,4,4,3,8,2
"avin",1431,1,1,0,5,0,1,1,7,1,8,2
"ayuka92",1401,3,1,2,2,0,0,5,3,1,8,2
"benjamin-68",1529,1,1,3,3,0,0,4,4,2,8,2
"bjorskar",1398,3,1,4,0,0,0,7,1,1,8,2
"bjourne",1454,2,1,2,2,0,1,4,4,2,8,2
"bkmzubwby",1414,1,2,1,4,0,0,2,6,1,8,2
"bulyak",1619,2,2,1,3,0,0,3,5,3,8,2
"cah_njowo",1648,3,3,1,1,0,0,4,4,3,8,2
"carpachot",1450,2,2,3,0,0,1,5,3,2,8,2
"chesswilly",1550,4,1,3,0,0,0,7,1,2,8,2
"Chiefff",1218,2,2,4,0,0,0,6,2,1,8,2
"cvicenie",1645,3,1,4,0,0,0,7,1,3,8,2
"DVRazor",2124,4,1,1,1,1,0,6,2,4,8,2
"Eriterrivel",1635,1,3,0,4,0,0,1,7,3,8,2
"fianceto",1393,1,1,0,6,0,0,1,7,1,8,2
"fromrdchess",1346,1,3,1,3,0,0,2,6,1,8,2
"gmslowey1",1598,1,2,4,0,1,0,6,2,3,8,2
"grondilu",1646,1,1,2,4,0,0,3,5,3,8,2
"hamp",1702,3,1,2,0,2,0,7,1,3,8,2
"hata",1579,1,1,2,4,0,0,3,5,2,8,2
"Herschel79",1420,2,1,4,1,0,0,6,2,1,8,2
"Irlandec552",1662,1,4,1,2,0,0,2,6,3,8,2
"Italian_Friend",1433,1,1,4,2,0,0,5,3,1,8,2
"Ivan99e",1236,3,1,2,2,0,0,5,3,1,8,2
"iwanttoplay",2000,2,1,5,0,0,0,7,1,4,8,2
"jjlopez",1336,2,1,5,0,0,0,7,1,1,8,2
"johndri",1479,5,1,2,0,0,0,7,1,2,8,2
"josgaq",1685,1,3,0,4,0,0,1,7,3,8,2
"jyraphe",1193,2,1,4,1,0,0,6,2,1,8,2
"kakas",1577,1,4,0,2,0,1,1,7,2,8,2
"larpayam",2017,3,1,4,0,0,0,7,1,4,8,2
"lovahicruces",1639,3,1,3,1,0,0,6,2,3,8,2
"malizmaj89",1446,2,1,5,0,0,0,7,1,2,8,2
"marcusgardner",1434,2,1,5,0,0,0,7,1,1,8,2
"MATIK",1652,2,1,1,3,1,0,4,4,3,8,2
"MatingSeason",1840,1,1,6,0,0,0,7,1,4,8,2
"Menteloka-8",1367,1,6,1,0,0,0,2,6,1,8,2
"mica_s",1429,2,2,0,4,0,0,2,6,1,8,2
"miladiii",1620,2,4,2,0,0,0,4,4,3,8,2
"milandeda",1771,4,1,3,0,0,0,7,1,4,8,2
"Millea",1445,1,6,0,1,0,0,1,7,2,8,2
"mrsausages",1462,2,1,4,1,0,0,6,2,2,8,2
"mrun",1464,5,1,1,1,0,0,6,2,2,8,2
"ms23",1249,2,1,5,0,0,0,7,1,1,8,2
"nene2507",1662,1,2,0,5,0,0,1,7,3,8,2
"noble2020",1443,3,1,4,0,0,0,7,1,2,8,2
"oljica",1693,3,4,1,0,0,0,4,4,3,8,2
"PALYACQ",1788,7,1,0,0,0,0,7,1,4,8,2
"pivogon",1940,3,5,0,0,0,0,3,5,4,8,2
"Prototype666",1400,1,4,0,2,0,1,1,7,1,8,2
"Rafael_Federer",1572,1,2,2,3,0,0,3,5,2,8,2
"rr2048",1454,2,1,5,0,0,0,7,1,2,8,2
"S0HAIB",1270,2,1,4,1,0,0,6,2,1,8,2
"sarcin",1141,1,2,3,1,0,1,4,4,1,8,2
"Sasha_msk_m",1515,1,1,2,4,0,0,3,5,2,8,2
"severjanka",1591,1,2,0,5,0,0,1,7,3,8,2
"soul_man",1738,2,1,3,1,1,0,6,2,4,8,2
"starcevac",1608,1,1,3,2,0,1,4,4,3,8,2
"thealchemist913",1563,1,2,0,5,0,0,1,7,2,8,2
"theNb4",1359,2,1,0,4,0,1,2,6,1,8,2
"Toni_Kosova",1775,2,2,1,3,0,0,3,5,4,8,2
"vicente_gar_bra",1760,1,3,1,2,0,1,2,6,4,8,2
"vladimir777",1683,1,2,3,2,0,0,4,4,3,8,2
"Volnodum",1351,1,2,2,3,0,0,3,5,1,8,2
"Willnavy",1682,3,3,1,0,1,0,5,3,3,8,2
"wolverine19",1424,1,2,2,3,0,0,3,5,1,8,2
"yaminga1",1157,1,5,0,2,0,0,1,7,1,8,2
"Young-again",2050,1,5,0,2,0,0,1,7,4,8,2
"69696969",1597,2,1,0,4,0,0,2,5,3,7,2
"alfalu",1278,1,1,0,5,0,0,1,6,1,7,2
"anilku07",1507,1,2,0,4,0,0,1,6,2,7,2
"B21",1591,1,1,3,2,0,0,4,3,3,7,2
"bigticket91",1959,1,3,0,3,0,0,1,6,4,7,2
"bolandhemat",1718,1,1,5,0,0,0,6,1,3,7,2
"bondarevsergey",1618,1,2,3,1,0,0,4,3,3,7,2
"Bongkaras",1730,1,2,2,2,0,0,3,4,4,7,2
"boris_riga",1525,2,1,3,1,0,0,5,2,2,7,2
"CaptainSean",1429,1,3,1,2,0,0,2,5,1,7,2
"centralito78",1334,1,1,2,3,0,0,3,4,1,7,2
"Chalitoo",1338,1,1,5,0,0,0,6,1,1,7,2
"chess-power",1908,3,1,2,0,1,0,6,1,4,7,2
"chessultra",1407,2,1,4,0,0,0,6,1,1,7,2
"dejanpajtic",1493,1,6,0,0,0,0,1,6,2,7,2
"DemoCid",1861,1,1,4,1,0,0,5,2,4,7,2
"dog11",1588,1,1,5,0,0,0,6,1,3,7,2
"elaude",1795,4,1,2,0,0,0,6,1,4,7,2
"Ellion",1543,2,4,1,0,0,0,3,4,2,7,2
"Emm",1452,1,2,3,1,0,0,4,3,2,7,2
"emre1234",1426,2,1,3,1,0,0,5,2,1,7,2
"estay",1603,1,1,5,0,0,0,6,1,3,7,2
"fiestaslopez2013",1523,2,3,1,1,0,0,3,4,2,7,2
"Foncier",1482,1,1,2,2,1,0,4,3,2,7,2
"Fueweqw",1671,1,1,5,0,0,0,6,1,3,7,2
"Gioia",1253,2,1,4,0,0,0,6,1,1,7,2
"gjy",1208,1,2,0,4,0,0,1,6,1,7,2
"gusmanotocic",1485,1,1,0,5,0,0,1,6,2,7,2
"hadrian",1926,2,3,1,1,0,0,3,4,4,7,2
"Herizo",1511,1,3,0,3,0,0,1,6,2,7,2
"JaqenHghar22",1297,1,1,3,0,2,0,6,1,1,7,2
"Jaume19",1721,5,1,1,0,0,0,6,1,3,7,2
"jctello2000",1386,3,1,3,0,0,0,6,1,1,7,2
"jegjc",1491,4,2,1,0,0,0,5,2,2,7,2
"Jim1",1859,3,1,1,0,2,0,6,1,4,7,2
"juanmanova",1468,1,1,0,4,1,0,2,5,2,7,2
"juranune",1656,2,1,2,2,0,0,4,3,3,7,2
"jusch",1807,3,1,3,0,0,0,6,1,4,7,2
"justinplaton8531",1429,4,2,1,0,0,0,5,2,1,7,2
"Kaiowa",1630,2,1,4,0,0,0,6,1,3,7,2
"kevin-2",1735,2,1,3,1,0,0,5,2,4,7,2
"khanhosseini_ali",1655,1,2,0,2,0,2,1,6,3,7,2
"kindruk",1710,2,1,3,0,1,0,6,1,3,7,2
"Konstantin1981",1549,3,1,3,0,0,0,6,1,2,7,2
"Ksv2012",1517,2,1,3,0,1,0,6,1,2,7,2
"kulje",2014,3,1,3,0,0,0,6,1,4,7,2
"LeonR",1248,1,3,3,0,0,0,4,3,1,7,2
"LevStolpner",1814,2,1,4,0,0,0,6,1,4,7,2
"ljubivoje",1642,4,1,0,2,0,0,4,3,3,7,2
"LoayMandalawi",1704,3,2,1,1,0,0,4,3,3,7,2
"lorlores",1309,1,2,1,3,0,0,2,5,1,7,2
"majidsuzuki",1467,1,1,3,2,0,0,4,3,2,7,2
"Martin2020",1254,2,1,3,1,0,0,5,2,1,7,2
"mastershahab",1280,1,2,0,3,0,1,1,6,1,7,2
"MatthieuR",1414,2,2,2,0,0,1,4,3,1,7,2
"mehdi1338",1447,3,1,2,1,0,0,5,2,2,7,2
"mih-ur",1636,4,1,2,0,0,0,6,1,3,7,2
"MihaSLOVE",1891,1,3,1,2,0,0,2,5,4,7,2
"mocovi",1287,2,1,2,2,0,0,4,3,1,7,2
"mosaferz",1384,1,3,1,2,0,0,2,5,1,7,2
"n1c0",1730,1,1,5,0,0,0,6,1,4,7,2
"NIGHTGUEST",2379,1,2,0,4,0,0,1,6,4,7,2
"pampaking",1378,1,1,5,0,0,0,6,1,1,7,2
"patrick03",1528,1,1,3,2,0,0,4,3,2,7,2
"PhD-Chess",1700,1,1,2,3,0,0,3,4,3,7,2
"Rikgasum1",1622,2,2,0,3,0,0,2,5,3,7,2
"rodrigoporto",1786,2,1,4,0,0,0,6,1,4,7,2
"Rodvet",1587,2,1,4,0,0,0,6,1,3,7,2
"Sasha_M",1453,1,2,1,3,0,0,2,5,2,7,2
"Scurvodsky",1633,3,2,2,0,0,0,5,2,3,7,2
"sergei629",1599,1,1,2,3,0,0,3,4,3,7,2
"sergei95k",1627,3,1,2,1,0,0,5,2,3,7,2
"Shamorin-woof",1701,1,1,3,2,0,0,4,3,3,7,2
"skchess",1708,2,2,1,2,0,0,3,4,3,7,2
"skripos",1484,1,2,3,1,0,0,4,3,2,7,2
"SomeSelfie",1379,1,2,1,3,0,0,2,5,1,7,2
"sps53",1423,1,1,3,2,0,0,4,3,1,7,2
"Thero",1708,3,1,2,1,0,0,5,2,3,7,2
"timschnittke",1412,2,3,0,0,1,1,3,4,1,7,2
"valerych",1610,2,2,1,2,0,0,3,4,3,7,2
"Vankomate",1472,5,1,0,1,0,0,5,2,2,7,2
"Viktor2015",1545,3,1,3,0,0,0,6,1,2,7,2
"Voyager2",1474,4,1,1,1,0,0,5,2,2,7,2
"watusi",2156,2,1,1,3,0,0,3,4,4,7,2
"Xoal",1198,1,4,0,2,0,0,1,6,1,7,2
"yenduri",1396,1,1,1,4,0,0,2,5,1,7,2
"YUrikrims",1569,2,3,2,0,0,0,4,3,2,7,2
"ZGT_3",1502,1,1,3,2,0,0,4,3,2,7,2
"2ndThought",1637,1,2,1,0,1,1,3,3,3,6,1
"7sleeper",1430,2,1,2,1,0,0,4,2,1,6,1
"Akbar3f",1607,1,2,0,3,0,0,1,5,3,6,1
"alonshocron",1369,1,2,1,2,0,0,2,4,1,6,1
"AndRay",1660,3,1,2,0,0,0,5,1,3,6,1
"andredomeier",1383,1,1,4,0,0,0,5,1,1,6,1
"arbitrarylogic",1421,3,1,1,1,0,0,4,2,1,6,1
"arturking8",1306,1,2,1,2,0,0,2,4,1,6,1
"babasinan",1216,3,1,2,0,0,0,5,1,1,6,1
"Barnacle_Boyz",1720,1,1,1,3,0,0,2,4,3,6,1
"bathar",1442,1,2,1,1,1,0,3,3,2,6,1
"bellmar",1402,2,1,3,0,0,0,5,1,1,6,1
"bodens_mate",1566,1,1,4,0,0,0,5,1,2,6,1
"branko",1740,2,2,1,1,0,0,3,3,4,6,1
"Casagregs",1375,1,1,4,0,0,0,5,1,1,6,1
"chessergio",1389,1,1,3,1,0,0,4,2,1,6,1
"Chessline",1670,2,2,1,1,0,0,3,3,3,6,1
"costelush",1573,2,1,3,0,0,0,5,1,2,6,1
"crippleking",1568,1,1,0,4,0,0,1,5,2,6,1
"crist15",1392,1,2,3,0,0,0,4,2,1,6,1
"CRNIBARON",1482,1,1,1,2,1,0,3,3,2,6,1
"DaanNoordenbos",1697,4,1,0,1,0,0,4,2,3,6,1
"danmalis",1654,3,1,0,1,1,0,4,2,3,6,1
"Ded1948en",1703,3,2,0,0,1,0,4,2,3,6,1
"diego1234512345-",1674,1,1,3,0,1,0,5,1,3,6,1
"dmitryst",1441,2,1,3,0,0,0,5,1,2,6,1
"ENROQUECHILE",1607,4,1,1,0,0,0,5,1,3,6,1
"Essi1today",1539,1,1,2,2,0,0,3,3,2,6,1
"firefighter11",1459,1,2,2,0,1,0,4,2,2,6,1
"Gallop",1193,1,1,2,2,0,0,3,3,1,6,1
"GonzaJaimez",1643,1,1,1,2,0,1,2,4,3,6,1
"HaHN",1660,4,1,0,1,0,0,4,2,3,6,1
"hamed14",1576,2,1,3,0,0,0,5,1,2,6,1
"hernype",1385,1,2,1,2,0,0,2,4,1,6,1
"honorarycitizen",1808,4,1,0,0,1,0,5,1,4,6,1
"hoseinsharifloo",1407,2,1,1,2,0,0,3,3,1,6,1
"hra",1564,1,1,4,0,0,0,5,1,2,6,1
"hungaria",1645,1,3,0,2,0,0,1,5,3,6,1
"ignacy_m",2190,2,1,2,0,0,1,4,2,4,6,1
"IL10000",1808,3,1,2,0,0,0,5,1,4,6,1
"Iosfa",1445,1,2,0,3,0,0,1,5,2,6,1
"IRAN1393",1473,1,1,3,1,0,0,4,2,2,6,1
"iri34",1687,3,1,1,0,1,0,5,1,3,6,1
"kas55",1614,1,1,3,1,0,0,4,2,3,6,1
"kinqueen",1720,1,1,4,0,0,0,5,1,3,6,1
"klounTT",1533,1,2,2,1,0,0,3,3,2,6,1
"Krawec",1650,1,3,0,2,0,0,1,5,3,6,1
"Lightsss",2148,4,1,1,0,0,0,5,1,4,6,1
"M740",1453,1,1,0,4,0,0,1,5,2,6,1
"mahsa75",1732,1,1,3,1,0,0,4,2,4,6,1
"MaxV",1466,1,4,1,0,0,0,2,4,2,6,1
"mikull",1440,1,2,1,2,0,0,2,4,2,6,1
"mina28",1286,1,1,4,0,0,0,5,1,1,6,1
"mirzali",1318,1,2,1,2,0,0,2,4,1,6,1
"misha20101958",1839,2,3,0,0,0,1,2,4,4,6,1
"mthvdl",1656,2,1,1,2,0,0,3,3,3,6,1
"Musclebrain",2261,1,1,3,1,0,0,4,2,4,6,1
"mvdmolen",1452,4,1,0,1,0,0,4,2,2,6,1
"n5jfergus",961,1,1,3,0,0,1,4,2,1,6,1
"neverlose0123",1704,3,1,2,0,0,0,5,1,3,6,1
"Norlov",1299,1,2,1,1,0,1,2,4,1,6,1
"Ntune",1515,2,2,2,0,0,0,4,2,2,6,1
"Otto_Weininger",1895,1,2,2,0,1,0,4,2,4,6,1
"PAPAZOL",1416,3,1,1,1,0,0,4,2,1,6,1
"pitter",1362,1,1,3,1,0,0,4,2,1,6,1
"qbone",1944,1,1,2,1,1,0,4,2,4,6,1
"radivojegacevic",1656,2,3,1,0,0,0,3,3,3,6,1
"Ratno",1714,1,1,2,2,0,0,3,3,3,6,1
"re_elvan",1663,4,1,0,1,0,0,4,2,3,6,1
"RyanTaylor",1471,2,1,2,1,0,0,4,2,2,6,1
"sajadianpor",1997,4,1,1,0,0,0,5,1,4,6,1
"samyco",1512,1,1,3,1,0,0,4,2,2,6,1
"sirohach",1750,1,1,3,1,0,0,4,2,4,6,1
"spiderman2012",1576,1,3,1,1,0,0,2,4,2,6,1
"Sr-org",1514,2,3,0,1,0,0,2,4,2,6,1
"Stranger1",1536,2,1,2,0,1,0,5,1,2,6,1
"ted500",1593,1,2,1,2,0,0,2,4,3,6,1
"Ururi",1467,1,2,2,1,0,0,3,3,2,6,1
"Viktor777",1688,2,2,0,2,0,0,2,4,3,6,1
"Volodka76",1415,2,1,2,0,1,0,5,1,1,6,1
"xxFUDOxx",1205,1,1,4,0,0,0,5,1,1,6,1
"YeraldWC2",1305,2,1,1,2,0,0,3,3,1,6,1
"adamrgisom",1832,2,1,2,0,0,0,4,1,4,5,1
"alexjac",1875,3,2,0,0,0,0,3,2,4,5,1
"alx_tfg",1302,1,1,1,2,0,0,2,3,1,5,1
"ambulanssi",1410,1,1,2,1,0,0,3,2,1,5,1
"ARTURO78",1523,2,1,0,2,0,0,2,3,2,5,1
"ashoka",1488,2,1,1,1,0,0,3,2,2,5,1
"AxiomsAndProof",1721,4,1,0,0,0,0,4,1,3,5,1
"BARBATUS",1918,1,1,3,0,0,0,4,1,4,5,1
"blubaker",1410,2,1,0,2,0,0,2,3,1,5,1
"Brady",1301,2,2,1,0,0,0,3,2,1,5,1
"cardog",1440,2,1,1,1,0,0,3,2,2,5,1
"cerroramon",1523,1,3,0,1,0,0,1,4,2,5,1
"clawhammer",1189,1,1,2,1,0,0,3,2,1,5,1
"ClearIcicle",1331,2,1,2,0,0,0,4,1,1,5,1
"contrebasse",1552,2,1,0,1,0,1,2,3,2,5,1
"Coolstory",1718,1,3,1,0,0,0,2,3,3,5,1
"cristizg",1653,1,1,1,2,0,0,2,3,3,5,1
"dado-1",1337,1,1,3,0,0,0,4,1,1,5,1
"dasdfqwerty",1676,2,1,2,0,0,0,4,1,3,5,1
"diegoalatriste",1666,3,1,1,0,0,0,4,1,3,5,1
"dmitry-660527",1619,1,2,1,1,0,0,2,3,3,5,1
"dnc",1752,4,1,0,0,0,0,4,1,4,5,1
"dubol",1640,1,1,1,1,0,1,2,3,3,5,1
"ekekmo",1482,1,1,3,0,0,0,4,1,2,5,1
"FEDF",1497,1,1,0,3,0,0,1,4,2,5,1
"fernandobmthcof",1397,1,1,3,0,0,0,4,1,1,5,1
"fernitao",1489,1,1,2,1,0,0,3,2,2,5,1
"finalPlayer",1273,1,1,1,2,0,0,2,3,1,5,1
"Gezal",2378,2,1,1,0,1,0,4,1,4,5,1
"ghool5",1631,2,2,0,1,0,0,2,3,3,5,1
"GRIGORI_290153",1718,3,1,0,1,0,0,3,2,3,5,1
"GuilhermePedro",1386,1,1,1,2,0,0,2,3,1,5,1
"guldi",1279,2,1,1,1,0,0,3,2,1,5,1
"hima_saber80",2232,1,1,3,0,0,0,4,1,4,5,1
"hugo50000",1633,1,1,3,0,0,0,4,1,3,5,1
"irakli007",2029,1,1,2,1,0,0,3,2,4,5,1
"joal",1904,4,1,0,0,0,0,4,1,4,5,1
"jollyjoker1",1620,1,1,1,1,1,0,3,2,3,5,1
"juantaka",1534,1,2,0,2,0,0,1,4,2,5,1
"kaji",1470,1,2,1,1,0,0,2,3,2,5,1
"kiz16",1730,1,1,0,3,0,0,1,4,4,5,1
"Konstanta",1640,2,1,0,2,0,0,2,3,3,5,1
"lau3",1669,1,1,3,0,0,0,4,1,3,5,1
"LePadre",1081,1,1,1,2,0,0,2,3,1,5,1
"leveretthouse",1959,1,3,0,1,0,0,1,4,4,5,1
"lisand",1547,2,2,0,1,0,0,2,3,2,5,1
"LogicalKip",1339,2,2,0,1,0,0,2,3,1,5,1
"loserdrew",1603,1,1,0,3,0,0,1,4,3,5,1
"makover",1354,1,2,0,1,0,1,1,4,1,5,1
"MareGrc",1017,2,1,2,0,0,0,4,1,1,5,1
"matti",1537,4,1,0,0,0,0,4,1,2,5,1
"metsi",1951,2,1,1,0,1,0,4,1,4,5,1
"MILI06",1605,1,2,0,2,0,0,1,4,3,5,1
"MRAPY",1704,1,2,0,2,0,0,1,4,3,5,1
"ostade",1490,1,2,0,2,0,0,1,4,2,5,1
"ostraruda",1550,1,1,0,3,0,0,1,4,2,5,1
"oursisthefury",1451,1,1,1,2,0,0,2,3,2,5,1
"peonddama",1414,1,2,0,2,0,0,1,4,1,5,1
"Pirlo65",1567,1,2,1,1,0,0,2,3,2,5,1
"quetzalcoatlMx",1414,1,1,2,1,0,0,3,2,1,5,1
"R1P1K",1311,1,3,1,0,0,0,2,3,1,5,1
"Ramarna",1442,1,1,1,2,0,0,2,3,2,5,1
"ruslan2351",1400,1,1,2,1,0,0,3,2,1,5,1
"sarbaz1980",1541,1,1,0,3,0,0,1,4,2,5,1
"SarSamMel",1614,1,1,3,0,0,0,4,1,3,5,1
"sfwc",1775,2,1,2,0,0,0,4,1,4,5,1
"sheriar",1671,3,1,1,0,0,0,4,1,3,5,1
"Siladin",1372,1,1,1,2,0,0,2,3,1,5,1
"sorcererji",1419,1,1,1,2,0,0,2,3,1,5,1
"spazza",1496,2,2,1,0,0,0,3,2,2,5,1
"srini",1704,1,2,2,0,0,0,3,2,3,5,1
"suryavan",1529,2,1,1,1,0,0,3,2,2,5,1
"Tbaby",1309,1,1,3,0,0,0,4,1,1,5,1
"TheCombinator",1847,3,1,1,0,0,0,4,1,4,5,1
"theWinnerIsMammt",1512,1,1,1,2,0,0,2,3,2,5,1
"topolcany",1531,2,1,2,0,0,0,4,1,2,5,1
"tropik",1915,2,1,2,0,0,0,4,1,4,5,1
"tx32",1418,1,2,0,2,0,0,1,4,1,5,1
"unlander33",1711,1,1,2,1,0,0,3,2,3,5,1
"vilassarxavi",1471,2,1,2,0,0,0,4,1,2,5,1
"Vukovi1945",1632,2,1,2,0,0,0,4,1,3,5,1
"w64",1626,1,1,0,3,0,0,1,4,3,5,1
"WalonVau",1746,2,1,2,0,0,0,4,1,4,5,1
"xydojnik1",1572,1,1,0,3,0,0,1,4,2,5,1
"Yohan44",1697,1,2,1,1,0,0,2,3,3,5,1
"zezima",1234,3,1,1,0,0,0,4,1,1,5,1
"Alexandrv",1597,2,1,1,0,0,0,3,1,3,4,1
"alpseyf",1324,1,1,0,2,0,0,1,3,1,4,1
"alt2",1772,1,1,1,0,1,0,3,1,4,4,1
"anujku",1489,1,1,2,0,0,0,3,1,2,4,1
"apcufej",1488,1,1,1,1,0,0,2,2,2,4,1
"arabian1knight",1506,1,1,2,0,0,0,3,1,2,4,1
"asunder",1210,1,1,0,2,0,0,1,3,1,4,1
"Bagirow",1984,3,1,0,0,0,0,3,1,4,4,1
"bbc33",1542,2,1,1,0,0,0,3,1,2,4,1
"boniclay",1672,1,1,1,0,1,0,3,1,3,4,1
"brendig",1590,2,2,0,0,0,0,2,2,3,4,1
"Cemetery",1425,2,2,0,0,0,0,2,2,1,4,1
"Chicarelli",1606,2,1,1,0,0,0,3,1,3,4,1
"cortland",1672,1,1,2,0,0,0,3,1,3,4,1
"edededed",1593,1,1,2,0,0,0,3,1,3,4,1
"edwarrdj99",1508,1,1,0,2,0,0,1,3,2,4,1
"elpeor",1598,2,1,1,0,0,0,3,1,3,4,1
"Fauna12",1140,1,1,1,0,1,0,3,1,1,4,1
"fernandomcfly",1726,1,2,1,0,0,0,2,2,4,4,1
"fiico",1242,2,1,1,0,0,0,3,1,1,4,1
"Flashcards",2036,1,1,2,0,0,0,3,1,4,4,1
"FlavioWin",1273,1,1,1,1,0,0,2,2,1,4,1
"furiacalchaqui",1778,1,1,2,0,0,0,3,1,4,4,1
"Gerchu",1398,1,2,0,1,0,0,1,3,1,4,1
"giammi72",1323,1,1,1,1,0,0,2,2,1,4,1
"glauco12",1431,1,2,0,1,0,0,1,3,1,4,1
"GretaC",1208,1,2,0,1,0,0,1,3,1,4,1
"Hanni-Baal",2133,2,1,1,0,0,0,3,1,4,4,1
"Henry513",1277,1,1,0,2,0,0,1,3,1,4,1
"ITKEEPSHAPPENING",1861,1,3,0,0,0,0,1,3,4,4,1
"itsatrap97",1631,2,1,1,0,0,0,3,1,3,4,1
"Ivan96",1389,1,2,0,1,0,0,1,3,1,4,1
"J_R_S",1560,2,1,1,0,0,0,3,1,2,4,1
"jbustos",1575,2,1,0,1,0,0,2,2,2,4,1
"jhdf",1299,1,1,2,0,0,0,3,1,1,4,1
"Jolebelge",1439,1,1,0,1,0,1,1,3,1,4,1
"jorge1alderbury",1550,1,2,1,0,0,0,2,2,2,4,1
"josevitor91",1404,1,1,0,2,0,0,1,3,1,4,1
"kairali183",1558,1,2,0,1,0,0,1,3,2,4,1
"kastela3",1514,2,1,0,1,0,0,2,2,2,4,1
"kekss5",2211,2,2,0,0,0,0,2,2,4,4,1
"Kinimod",1571,1,1,1,0,0,1,2,2,2,4,1
"kreedz",1668,1,2,1,0,0,0,2,2,3,4,1
"KUTAISI",1618,1,1,0,2,0,0,1,3,3,4,1
"LakeJacey",1241,1,1,2,0,0,0,3,1,1,4,1
"latarce13",1648,2,1,1,0,0,0,3,1,3,4,1
"lexxx-msk",1458,1,1,1,0,1,0,3,1,2,4,1
"Licht",1371,2,1,0,1,0,0,2,2,1,4,1
"littlewing237",1472,1,1,1,1,0,0,2,2,2,4,1
"m-f1344",1928,3,1,0,0,0,0,3,1,4,4,1
"maslick",1659,1,1,2,0,0,0,3,1,3,4,1
"mehdi58",1998,3,1,0,0,0,0,3,1,4,4,1
"mhavgar",1644,1,2,1,0,0,0,2,2,3,4,1
"montazerin",1840,3,1,0,0,0,0,3,1,4,4,1
"mtratnik",1182,1,2,0,1,0,0,1,3,1,4,1
"mujin",1697,2,2,0,0,0,0,2,2,3,4,1
"OskrG",1779,1,1,0,2,0,0,1,3,4,4,1
"Pan_Turecki",1342,2,1,0,1,0,0,2,2,1,4,1
"paolo70",1364,1,1,0,2,0,0,1,3,1,4,1
"parsamosawe",1673,1,3,0,0,0,0,1,3,3,4,1
"Peterburg",1681,3,1,0,0,0,0,3,1,3,4,1
"pors",1331,1,1,1,1,0,0,2,2,1,4,1
"purgin",1800,1,1,0,2,0,0,1,3,4,4,1
"queenloveschess",1546,1,2,0,1,0,0,1,3,2,4,1
"rachelsausan",1316,1,1,1,1,0,0,2,2,1,4,1
"randommoron",1692,3,1,0,0,0,0,3,1,3,4,1
"riiton",1257,1,1,0,2,0,0,1,3,1,4,1
"ripi22",1625,1,1,1,1,0,0,2,2,3,4,1
"rrrnov",1493,1,3,0,0,0,0,1,3,2,4,1
"sabs111",1501,1,1,2,0,0,0,3,1,2,4,1
"Schein",1470,1,1,0,2,0,0,1,3,2,4,1
"sedr",1449,1,1,0,2,0,0,1,3,2,4,1
"Septiawan",1593,1,1,2,0,0,0,3,1,3,4,1
"Seven00",1416,1,1,2,0,0,0,3,1,1,4,1
"sirbiss",1766,3,1,0,0,0,0,3,1,4,4,1
"stupidFlanders",1742,1,1,0,2,0,0,1,3,4,4,1
"suevilin",1187,1,1,2,0,0,0,3,1,1,4,1
"takapiro",1630,2,1,1,0,0,0,3,1,3,4,1
"tiehunter",1264,1,2,1,0,0,0,2,2,1,4,1
"tirurit2002",1585,1,1,0,2,0,0,1,3,3,4,1
"torres84",1436,1,1,2,0,0,0,3,1,1,4,1
"urii24",1440,1,1,1,1,0,0,2,2,2,4,1
"vhutter",1405,2,1,1,0,0,0,3,1,1,4,1
"VitalyChess",1762,1,1,1,0,1,0,3,1,4,4,1
"Vito_Andolini",1645,1,1,1,1,0,0,2,2,3,4,1
"Voidness",1607,1,1,0,1,1,0,2,2,3,4,1
"Voskod2",1445,1,1,1,1,0,0,2,2,2,4,1
"wcasani",1359,2,1,0,1,0,0,2,2,1,4,1
"wibe",1610,1,1,2,0,0,0,3,1,3,4,1
"YairPG",1204,1,1,0,1,0,1,1,3,1,4,1
"yaserdarabi2000",1704,2,2,0,0,0,0,2,2,3,4,1
"ZenCu",1421,1,1,1,1,0,0,2,2,1,4,1
"Adriel",1652,1,1,1,0,0,0,2,1,3,3,1
"AlexGKA",1727,1,1,0,0,1,0,2,1,4,3,1
"allansoar",1474,1,1,1,0,0,0,2,1,2,3,1
"andrei07",1579,1,1,0,1,0,0,1,2,2,3,1
"arsamakov1993",1832,1,1,1,0,0,0,2,1,4,3,1
"AsgardGarantov",1238,1,1,0,1,0,0,1,2,1,3,1
"Balthazar500",1603,1,1,1,0,0,0,2,1,3,3,1
"BenNCooper",1814,1,1,1,0,0,0,2,1,4,3,1
"biethanistic",1669,1,2,0,0,0,0,1,2,3,3,1
"boscaler",1610,1,1,1,0,0,0,2,1,3,3,1
"brenomax1",1449,1,1,0,1,0,0,1,2,2,3,1
"Bucephal",1417,1,1,0,1,0,0,1,2,1,3,1
"byvol",1428,1,1,1,0,0,0,2,1,1,3,1
"cabeza56",1483,1,1,0,1,0,0,1,2,2,3,1
"carslen25eren",1367,2,1,0,0,0,0,2,1,1,3,1
"Cascarov",1250,1,1,1,0,0,0,2,1,1,3,1
"chessbrahs",2296,2,1,0,0,0,0,2,1,4,3,1
"chron",1295,1,1,0,0,0,1,1,2,1,3,1
"cleberjogaxadrez",1712,1,1,1,0,0,0,2,1,3,3,1
"creng",1594,1,1,1,0,0,0,2,1,3,3,1
"crnobelo",1607,1,1,1,0,0,0,2,1,3,3,1
"Divine_Matrix",1995,1,2,0,0,0,0,1,2,4,3,1
"DrVaran",1877,1,1,1,0,0,0,2,1,4,3,1
"E4d4",1890,1,1,0,1,0,0,1,2,4,3,1
"ECUREUIL57",1368,1,1,0,1,0,0,1,2,1,3,1
"EnjoyThePie",1144,1,1,0,1,0,0,1,2,1,3,1
"entrenandoando",1724,1,1,0,0,1,0,2,1,4,3,1
"enzopaolo89",1701,1,1,1,0,0,0,2,1,3,3,1
"Epson",1315,1,1,0,0,1,0,2,1,1,3,1
"eqsx",1287,2,1,0,0,0,0,2,1,1,3,1
"faizaaya",1327,1,1,1,0,0,0,2,1,1,3,1
"gamal13172",1696,1,1,1,0,0,0,2,1,3,3,1
"gmcolonia",1899,1,1,1,0,0,0,2,1,4,3,1
"horseelephant",1556,1,1,0,1,0,0,1,2,2,3,1
"isvok",1785,1,1,1,0,0,0,2,1,4,3,1
"izner",1510,1,1,1,0,0,0,2,1,2,3,1
"jeanleprof",1455,1,1,0,1,0,0,1,2,2,3,1
"Jirayu",1952,1,1,1,0,0,0,2,1,4,3,1
"Karnauhov_Dania",1173,1,1,0,1,0,0,1,2,1,3,1
"KeyKurono",1601,1,1,1,0,0,0,2,1,3,3,1
"Kofein4ek",1082,1,1,1,0,0,0,2,1,1,3,1
"korenevo",1405,1,1,0,1,0,0,1,2,1,3,1
"laslolosla",1305,1,1,1,0,0,0,2,1,1,3,1
"learntoplay",1955,2,1,0,0,0,0,2,1,4,3,1
"lennske",1474,1,1,0,1,0,0,1,2,2,3,1
"LetsBullet8",1881,1,1,0,1,0,0,1,2,4,3,1
"mammaletto",1511,1,2,0,0,0,0,1,2,2,3,1
"marko_mostar",1686,1,1,0,1,0,0,1,2,3,3,1
"MasterCassim",1356,1,2,0,0,0,0,1,2,1,3,1
"Matajaca",1612,1,1,1,0,0,0,2,1,3,3,1
"Maxijoon",1688,1,1,0,1,0,0,1,2,3,3,1
"MechanicalEngineer",1642,2,1,0,0,0,0,2,1,3,3,1
"mehdidadashi",1337,1,2,0,0,0,0,1,2,1,3,1
"Mihailll",1522,1,1,1,0,0,0,2,1,2,3,1
"mikbalidr",1675,1,1,1,0,0,0,2,1,3,3,1
"moishaleh",1690,1,1,1,0,0,0,2,1,3,3,1
"motion",1392,1,1,0,1,0,0,1,2,1,3,1
"mvIran",1456,1,1,1,0,0,0,2,1,2,3,1
"mx2nor",1573,1,1,0,1,0,0,1,2,2,3,1
"naturalman",1365,1,1,1,0,0,0,2,1,1,3,1
"ncistony13",1658,1,1,1,0,0,0,2,1,3,3,1
"Nero1",1351,1,1,0,0,1,0,2,1,1,3,1
"ojot",1622,1,1,1,0,0,0,2,1,3,3,1
"Orel05",1763,1,1,1,0,0,0,2,1,4,3,1
"Over_Verick",1953,1,1,1,0,0,0,2,1,4,3,1
"Paresseux",1359,1,1,0,1,0,0,1,2,1,3,1
"Pascha43",1681,2,1,0,0,0,0,2,1,3,3,1
"pawnsareop",1717,2,1,0,0,0,0,2,1,3,3,1
"pawnshopper",1575,1,2,0,0,0,0,1,2,2,3,1
"pirayu",1393,1,1,0,0,0,1,1,2,1,3,1
"prologic",1519,1,1,1,0,0,0,2,1,2,3,1
"rasmussenesq",1580,2,1,0,0,0,0,2,1,2,3,1
"reydiagonal",1738,2,1,0,0,0,0,2,1,4,3,1
"Rustam777",1347,1,1,1,0,0,0,2,1,1,3,1
"rut",1367,1,2,0,0,0,0,1,2,1,3,1
"saeed1353",1714,1,1,1,0,0,0,2,1,3,3,1
"Sambino",1870,1,1,1,0,0,0,2,1,4,3,1
"serooga",1261,1,1,1,0,0,0,2,1,1,3,1
"sharghi",1725,1,2,0,0,0,0,1,2,4,3,1
"SirJefferE",1430,2,1,0,0,0,0,2,1,1,3,1
"spacecowboy",1379,1,1,0,1,0,0,1,2,1,3,1
"sr1340",1523,1,1,0,1,0,0,1,2,2,3,1
"SrManiac",1197,1,1,1,0,0,0,2,1,1,3,1
"sudhi24",1440,1,2,0,0,0,0,1,2,2,3,1
"tabasco",1498,1,1,0,1,0,0,1,2,2,3,1
"termpro",1621,2,1,0,0,0,0,2,1,3,3,1
"tikno",1659,1,1,0,1,0,0,1,2,3,3,1
"ulko",1401,1,1,0,1,0,0,1,2,1,3,1
"UncleSam",1634,1,1,1,0,0,0,2,1,3,3,1
"v2k",1670,1,1,0,1,0,0,1,2,3,3,1
"VALERKA59",1777,2,1,0,0,0,0,2,1,4,3,1
"VladoKamenik",1588,1,1,0,1,0,0,1,2,3,3,1
"vosje_92",2041,1,1,1,0,0,0,2,1,4,3,1
"xarra",1528,1,1,0,1,0,0,1,2,2,3,1
"zakureev",1570,1,1,0,1,0,0,1,2,2,3,1
"aaaatropos",1622,1,1,0,0,0,0,1,1,3,2,1
"aeskil",1284,1,1,0,0,0,0,1,1,1,2,1
"AFWF_Erick",1294,1,1,0,0,0,0,1,1,1,2,1
"alatif113",1300,1,1,0,0,0,0,1,1,1,2,1
"alierenaydin",1728,1,1,0,0,0,0,1,1,4,2,1
"ALSHAHMAT2003",1488,1,1,0,0,0,0,1,1,2,2,1
"amarston",1139,1,1,0,0,0,0,1,1,1,2,1
"Andrey2021",1722,1,1,0,0,0,0,1,1,4,2,1
"bakh",1644,1,1,0,0,0,0,1,1,3,2,1
"BaronBallenpap",1664,1,1,0,0,0,0,1,1,3,2,1
"Bassfusion",1209,1,1,0,0,0,0,1,1,1,2,1
"Batgirl",1684,1,1,0,0,0,0,1,1,3,2,1
"BB09",1814,1,1,0,0,0,0,1,1,4,2,1
"CwanyMyk",1590,1,1,0,0,0,0,1,1,3,2,1
"dariali",1654,1,1,0,0,0,0,1,1,3,2,1
"dedaillon",1467,1,1,0,0,0,0,1,1,2,2,1
"dondom",1828,1,1,0,0,0,0,1,1,4,2,1
"Dragur19",1346,1,1,0,0,0,0,1,1,1,2,1
"elderchess",1704,1,1,0,0,0,0,1,1,3,2,1
"fabrizio62",1622,1,1,0,0,0,0,1,1,3,2,1
"Fhtagn",1734,1,1,0,0,0,0,1,1,4,2,1
"fktrc1958",1642,1,1,0,0,0,0,1,1,3,2,1
"Franciscoasevedoctx",1790,1,1,0,0,0,0,1,1,4,2,1
"frti",1988,1,1,0,0,0,0,1,1,4,2,1
"gbozzini",1998,1,1,0,0,0,0,1,1,4,2,1
"Georgg",1754,1,1,0,0,0,0,1,1,4,2,1
"hanyweh",1290,1,1,0,0,0,0,1,1,1,2,1
"HistoryOfChess",1700,1,1,0,0,0,0,1,1,3,2,1
"idingo",1468,1,1,0,0,0,0,1,1,2,2,1
"Inno-Rez",1692,1,1,0,0,0,0,1,1,3,2,1
"IXS-210714",1610,1,1,0,0,0,0,1,1,3,2,1
"jaber",1773,1,1,0,0,0,0,1,1,4,2,1
"kokosabzi",1696,1,1,0,0,0,0,1,1,3,2,1
"kote911",1541,1,1,0,0,0,0,1,1,2,2,1
"kreksiakg",1929,1,1,0,0,0,0,1,1,4,2,1
"kristoffersson",1580,1,1,0,0,0,0,1,1,2,2,1
"ladiprek124",1376,1,1,0,0,0,0,1,1,1,2,1
"LeMusique",2015,1,1,0,0,0,0,1,1,4,2,1
"ManolitoElMago",1405,1,1,0,0,0,0,1,1,1,2,1
"mardani45",1693,1,1,0,0,0,0,1,1,3,2,1
"mklemenz",1504,1,1,0,0,0,0,1,1,2,2,1
"myv111",1496,1,1,0,0,0,0,1,1,2,2,1
"NeoM",1670,1,1,0,0,0,0,1,1,3,2,1
"NiceGuyBrian",1695,1,1,0,0,0,0,1,1,3,2,1
"nightfreeze",1259,1,1,0,0,0,0,1,1,1,2,1
"Nikita1934",1763,1,1,0,0,0,0,1,1,4,2,1
"Nosfi",1592,1,1,0,0,0,0,1,1,3,2,1
"ohdy",1950,1,1,0,0,0,0,1,1,4,2,1
"oldcodger99",1312,1,1,0,0,0,0,1,1,1,2,1
"Oleg_sevastopol",1940,1,1,0,0,0,0,1,1,4,2,1
"oset",1356,1,1,0,0,0,0,1,1,1,2,1
"Parapixel",1579,1,1,0,0,0,0,1,1,2,2,1
"promis",1736,1,1,0,0,0,0,1,1,4,2,1
"reka",1662,1,1,0,0,0,0,1,1,3,2,1
"Samber",1476,1,1,0,0,0,0,1,1,2,2,1
"sammy_dapogi",1474,1,1,0,0,0,0,1,1,2,2,1
"TBEP",1718,1,1,0,0,0,0,1,1,3,2,1
"theepan_au",1694,1,1,0,0,0,0,1,1,3,2,1
"TheTalminator",1764,1,1,0,0,0,0,1,1,4,2,1
"thomasemerson",1364,1,1,0,0,0,0,1,1,1,2,1
"Uroborges",1856,1,1,0,0,0,0,1,1,4,2,1
"VictorR",1732,1,1,0,0,0,0,1,1,4,2,1
"vishyAnand40",1504,1,1,0,0,0,0,1,1,2,2,1
"wasabichwan",1474,1,1,0,0,0,0,1,1,2,2,1
"wdirenze",1424,1,1,0,0,0,0,1,1,1,2,1
"WillNTN",1264,1,1,0,0,0,0,1,1,1,2,1
"WinningS",1806,1,1,0,0,0,0,1,1,4,2,1
"yfqr",1773,1,1,0,0,0,0,1,1,4,2,1
"ymane",2176,1,1,0,0,0,0,1,1,4,2,1
